make_id,make_name,model_id,model_name
493,ALFA ROMEO,2035,4C
493,ALFA ROMEO,2344,8C Competizione Spider
493,ALFA ROMEO,9953,164
493,ALFA ROMEO,10326,Giulia (952)
493,ALFA ROMEO,14326,Spider
493,ALFA ROMEO,14328,Milano
493,ALFA ROMEO,14330,GTV6
493,ALFA ROMEO,18005,Stelvio
440,ASTON MARTIN,1684,V8 Vantage
440,ASTON MARTIN,1686,DBS
440,ASTON MARTIN,1687,DB9
440,ASTON MARTIN,1688,Rapide
440,ASTON MARTIN,1695,V12 Vantage
440,ASTON MARTIN,1697,Virage
440,ASTON MARTIN,1701,Vanquish
440,ASTON MARTIN,13751,DB11
440,ASTON MARTIN,14157,Lagonda
440,ASTON MARTIN,14162,Vantage
440,ASTON MARTIN,14164,V8
440,ASTON MARTIN,19609,Vanquish S
440,ASTON MARTIN,19610,Vanquish Zagato
440,ASTON MARTIN,27591,DBX
474,HONDA,1861,Accord
474,HONDA,1863,Civic
474,HONDA,1864,Pilot
474,HONDA,1865,CR-V
474,HONDA,1866,Ridgeline
474,HONDA,1868,Element
474,HONDA,1869,Odyssey
474,HONDA,1870,Insight
474,HONDA,1875,FCX Clarity
474,HONDA,2127,Fit
474,HONDA,2128,CR-Z
474,HONDA,3153,S2000
474,HONDA,3234,PCX150
474,HONDA,3235,CB1100
474,HONDA,3245,CRF250
474,HONDA,3246,CTX1300
474,HONDA,3247,CTX700
474,HONDA,3249,GOLDWING
474,HONDA,3251,NC700X
474,HONDA,3252,METROPOLITAN
474,HONDA,3253,NPS50 (Ruckus)
474,HONDA,3255,ST1300PA
474,HONDA,3256,INTERCEPTOR
474,HONDA,3264,ST1300
474,HONDA,3411,Silverwing
474,HONDA,3420,CBR250
474,HONDA,3422,VFR1200F
474,HONDA,3438,NT700V
474,HONDA,3439,PCX125
474,HONDA,3445,SH150I
474,HONDA,3463,VTX1800F
474,HONDA,3466,CB250 (Nighthawk)
474,HONDA,3474,ELITE 80
474,HONDA,3475,Helix
474,HONDA,3477,VTX1300C
474,HONDA,3478,VTX1300R
474,HONDA,3479,VTX1300S
474,HONDA,3480,VTX1800C
474,HONDA,3484,Shadow VLX
474,HONDA,3507,ST1300P
474,HONDA,3515,CB600 (599)
474,HONDA,3520,NIGHTHAWK 750
474,HONDA,3521,CBR1100XX
474,HONDA,3522,CBR954RR
474,HONDA,3527,ST1100P
474,HONDA,3530,ST1100
474,HONDA,3567,ELITE 50
474,HONDA,3597,CBR900
474,HONDA,3618,Pacific Coast
474,HONDA,3654,VFR 750F
474,HONDA,3666,XR250L
474,HONDA,3669,Shadow 1100
474,HONDA,3670,Shadow
474,HONDA,3672,CT70
474,HONDA,3674,RC 45
474,HONDA,3684,Hawk GT
474,HONDA,3695,CB-1
474,HONDA,3696,ELITE 250
474,HONDA,3697,Tourist Trophy
474,HONDA,3698,NS50F
474,HONDA,3699,NX250
474,HONDA,3700,NX125
474,HONDA,3701,SA50
474,HONDA,3702,SB50P
474,HONDA,3703,VFR750R (RC30)
474,HONDA,3704,VTR
474,HONDA,3705,XL600V
474,HONDA,3735,VT1100C
474,HONDA,3776,ELITE
474,HONDA,3777,TRANSALP
474,HONDA,3778,NX650
474,HONDA,5107,Prelude
474,HONDA,5959,Passport
474,HONDA,9173,Crosstour
474,HONDA,9212,HR-V
474,HONDA,9577,del Sol
474,HONDA,10007,CBR650
474,HONDA,10251,NC700XD
474,HONDA,10253,CB500
474,HONDA,10618,CRF50
474,HONDA,10619,XR400R
474,HONDA,10620,TRX700XX
474,HONDA,10622,TRX450ER
474,HONDA,10791,FourTrax
474,HONDA,10792,TRX400X
474,HONDA,10956,Sportrax
474,HONDA,10957,TRX450R
474,HONDA,10958,CRF70F
474,HONDA,10959,CRF100F
474,HONDA,10960,CR250
474,HONDA,11387,SA50P
474,HONDA,11408,CR125
474,HONDA,11409,XR250R
474,HONDA,11435,MUV700 (Big Red)
474,HONDA,11517,EV Plus
474,HONDA,11588,TRX90
474,HONDA,11589,XR600R
474,HONDA,11590,TRX200D
474,HONDA,11591,TRX200DN
474,HONDA,11592,TRX250
474,HONDA,11593,TRX300
474,HONDA,11594,TRX300EX
474,HONDA,11595,TRX300EXN
474,HONDA,11596,TRX300FW
474,HONDA,11597,TRX300FWN
474,HONDA,11598,TRX300N
474,HONDA,11599,TRX400FW
474,HONDA,11600,TRX400FWN
474,HONDA,11601,TRX450S
474,HONDA,11602,TRX450ES
474,HONDA,11603,TRX400EX
474,HONDA,11650,NC700XL (NC700X)
474,HONDA,11651,NC700XD (NC700X DCT)
474,HONDA,11652,NC700XDL (NC700X DCT)
474,HONDA,11653,CMX250 (Rebel)
474,HONDA,11658,NC700JD (NM4)
474,HONDA,11670,VT1300 (Stateline)
474,HONDA,11674,XR650
474,HONDA,11689,TRX420 (FourTrax Rancher)
474,HONDA,11718,TRX420
474,HONDA,11728,TRX500 (FourTrax Foreman)
474,HONDA,11755,TRX680 (Rincon)
474,HONDA,11756,TRX680 (FourTrax Rincon)
474,HONDA,11759,NCH50 (GIORNO)
474,HONDA,11760,NCH50 (METROPOLITAN)
474,HONDA,11762,NSS300 (FORZA)
474,HONDA,11763,NSS300A (FORZA)
474,HONDA,11781,CRF110
474,HONDA,11782,CRF125
474,HONDA,11784,CRF230
474,HONDA,11788,NC750JD/NM4
474,HONDA,11796,MRT260/COTA 4RT260
474,HONDA,11803,CBR500
474,HONDA,11819,NC750X
474,HONDA,11827,CBR300
474,HONDA,11833,NC700XD/NC700X
474,HONDA,11834,NC700XDL/NC700X
474,HONDA,11835,TRX250X
474,HONDA,11836,TRX450R/TRX450ER
474,HONDA,11837,TRX250 (FourTrax Recon)
474,HONDA,11857,CBR125
474,HONDA,11875,MSX125 (Grom)
474,HONDA,11876,NC750SA
474,HONDA,11879,VFR800F
474,HONDA,11880,VFR800F (INTERCEPTOR)
474,HONDA,11882,VFR1200FD/VFR1200FA
474,HONDA,11903,ST1300A
474,HONDA,11967,VT1300 (Sabre)
474,HONDA,11975,CBR1000
474,HONDA,11978,VFR1200FA
474,HONDA,11979,VFR1200FD/VFR1200F
474,HONDA,11989,ST1300A/ST1300
474,HONDA,11993,CRF80F
474,HONDA,12021,NC700SA/NC700S
474,HONDA,12022,VFR1200FAD/VFR1200FD
474,HONDA,12023,CBF1000A
474,HONDA,12058,VT750 (Shadow Aero)
474,HONDA,12070,CBF600SA
474,HONDA,12074,VFR1200FAD
474,HONDA,12075,NT700VA/NT700V
474,HONDA,12077,MRT260/COTA 4RT/4RT 260
474,HONDA,12123,VT1300 (Fury)
474,HONDA,12132,VT750 (Shadow Phantom)
474,HONDA,12136,VT750
474,HONDA,12137,VT750 (Shadow Ace 750)
474,HONDA,12139,VT750 (Shadow)
474,HONDA,12144,VT1300
474,HONDA,12146,FSC600 (Silver Wing)
474,HONDA,12148,NHX110 (ELITE 110)
474,HONDA,12150,SH150D/SH150i
474,HONDA,12158,VT750 (Aero)
474,HONDA,12160,VT1300 (Interstate)
474,HONDA,12162,NSA700A/DN-01
474,HONDA,12166,VTX1300RL/VTX
474,HONDA,12167,VTX1300R/VTX1300 (RETRO)
474,HONDA,12168,VTX1300T/VTX
474,HONDA,12169,VTX1300TL/VTX
474,HONDA,12177,VTX1300T/VTX1300 (SPOKE)
474,HONDA,12183,VFR800 (INTERCEPTOR)
474,HONDA,12184,VFR800A (INTERCEPTOR)
474,HONDA,12191,XL1000V (VARADERO)
474,HONDA,12192,CRF150
474,HONDA,12195,TRX300X
474,HONDA,12197,TRX450ERB
474,HONDA,12203,TRX500
474,HONDA,12215,CHF50 (Metropolitan)
474,HONDA,12217,CHF50 (Jazz)
474,HONDA,12220,GL1100 (GOLDWING)
474,HONDA,12221,GL1200 (GOLDWING)
474,HONDA,12222,VT600C (SHADOW VLX)
474,HONDA,12224,VT1100C (SHADOW SPIRIT 1100)
474,HONDA,12225,VT1100C2 (SHADOW SABRE)
474,HONDA,12226,VT1100D2
474,HONDA,12228,NRX1800 (VALKYRIE RUNE)
474,HONDA,12230,VTX1800F1/VTX1800F
474,HONDA,12231,VTX1800F3/VTX1800F
474,HONDA,12232,VTX1800N/VTX1800 NEO RETRO
474,HONDA,12233,VTX1800N1/VTX1800N
474,HONDA,12234,VTX1800N3/VTX1800N
474,HONDA,12235,VTX1800R/VTX1800 RETRO
474,HONDA,12236,VTX1800S/VTX1800 SPOKE
474,HONDA,12237,VTX1800T/VTX1800T TOURER
474,HONDA,12238,VTX1800T1/VTX1800T
474,HONDA,12288,CB599
474,HONDA,12289,VFR800
474,HONDA,12315,VFR800A
474,HONDA,12316,VFR800AT
474,HONDA,12318,CB900
474,HONDA,12319,CB900 (919)
474,HONDA,12323,VTR1000S (RC51)
474,HONDA,12324,XL200R
474,HONDA,12326,NT650J
474,HONDA,12327,CR85
474,HONDA,12349,CG150ESD
474,HONDA,12350,XR200R
474,HONDA,12353,NSR50MIN
474,HONDA,12357,TRX700EX
474,HONDA,12359,TRX350FE
474,HONDA,12360,TRX350FM
474,HONDA,12361,TRX350TE
474,HONDA,12362,TRX350TM
474,HONDA,12363,TRX400FA
474,HONDA,12364,TRX400FG (FourTrax 400)
474,HONDA,12367,TRX450FM
474,HONDA,12371,TRX500 (FourTrax)
474,HONDA,12372,TRX650FA (Rincon)
474,HONDA,12373,TRX650FG (Rincon)
474,HONDA,12375,NSS250A (REFLEX)
474,HONDA,12376,PS250 (BIG RUCKUS)
474,HONDA,12382,VT600CD (SHADOW VLX DELUXE)
474,HONDA,12386,VT750 (A.C.E.)
474,HONDA,12387,VT750 (Shadow Spirit 750)
474,HONDA,12388,VT750 (Shadow Ace/Aero)
474,HONDA,12389,VT1100C2D (SABRE)
474,HONDA,12390,VTX1800C1/VTX1800C
474,HONDA,12391,VTX1800FD
474,HONDA,12392,VTX1800F2/VTX1800F
474,HONDA,12393,VTX1800ND
474,HONDA,12394,VTX1800N2/VTX1800N
474,HONDA,12395,VTX1800R1/VTX1800R
474,HONDA,12396,VTX1800R2/VTX1800R
474,HONDA,12397,VTX1800R3/VTX1800R
474,HONDA,12398,VTX1800TD
474,HONDA,12399,VTX1800T2/VTX1800T
474,HONDA,12403,VFR800AT (INTERCEPTOR ABS)
474,HONDA,12408,TRX250 (SportTrax 250)
474,HONDA,12409,TRX300EX (SportTrax 300)
474,HONDA,12410,TRX400EX (SportTrax 400)
474,HONDA,12411,TRX450ERB (SportTrax 450)
474,HONDA,12412,TRX450ER (SportTrax 450)
474,HONDA,12413,TRX250 (FourTrax 250)
474,HONDA,12415,TRX400FA (FourTrax Rancher AT)
474,HONDA,12416,TRX400FGA (FourTrax Rancher AT)
474,HONDA,12418,CH80 (Elite)
474,HONDA,12420,CN250 (Helix)
474,HONDA,12421,NSS250AS (REFLEX SPORT)
474,HONDA,12422,NSS250S (REFLEX SPORT)
474,HONDA,12423,NSS250 (REFLEX)
474,HONDA,12455,VT600C (VLX)
474,HONDA,12457,VTX1300T
474,HONDA,12458,VTX1800C2/VTX1800C
474,HONDA,12459,VTX1800C3/VTX1800C
474,HONDA,12460,VTX1800S1/VTX1800S
474,HONDA,12461,VTX1800S2/VTX1800S
474,HONDA,12462,VTX1800S3/VTX1800S
474,HONDA,12470,VFR800 (SPORT TOURER)
474,HONDA,12471,VFR800A (SPORT TOURER)
474,HONDA,12472,CB900 (Hornet)
474,HONDA,12474,RVT1000R (RC51)
474,HONDA,12483,TRX90 (Fourtrax 90)
474,HONDA,12485,TRX350FE (FourTrax Rancher)
474,HONDA,12486,TRX350FM (FourTrax Rancher)
474,HONDA,12487,TRX350TE (FourTrax Rancher)
474,HONDA,12488,TRX350TM (FourTrax Rancher)
474,HONDA,12493,VTR1000F (SUPERHAWK)
474,HONDA,12494,VTX1300C (VTX)
474,HONDA,12496,VTX1300S (VTX)
474,HONDA,12499,NRX1800DA (VALKYRIE RUNE)
474,HONDA,12500,NRX1800DB (VALKYRIE RUNE)
474,HONDA,12501,NRX1800EA (VALKYRIE RUNE)
474,HONDA,12502,NRX1800EB (VALKYRIE RUNE)
474,HONDA,12503,VTX1800C1 (VTX)
474,HONDA,12504,VTX1800C2 (VTX)
474,HONDA,12505,VTX1800C3 (VTX)
474,HONDA,12506,VTX1800F1 (VTX)
474,HONDA,12507,VTX1800F2 (VTX)
474,HONDA,12508,VTX1800N3 (VTX)
474,HONDA,12509,VTX1800N2 (VTX)
474,HONDA,12510,VTX1800N1 (VTX)
474,HONDA,12511,VTX1800R3 (VTX)
474,HONDA,12512,VTX1800R2 (VTX)
474,HONDA,12513,VTX1800R1 (VTX)
474,HONDA,12514,VTX1800S3 (VTX)
474,HONDA,12515,VTX1800S2 (VTX)
474,HONDA,12516,VTX1800S1 (VTX)
474,HONDA,12520,VTX1800F3 (VTX)
474,HONDA,12523,RC1000VS (RC213V-S)
474,HONDA,12527,TRX90 (SportTrax 90)
474,HONDA,12528,TRX250 (Recon)
474,HONDA,12530,TRX400FW (FourTrax Foreman 400)
474,HONDA,12531,TRX450FE (FourTrax Foreman)
474,HONDA,12532,TRX450FM (FourTrax Foreman)
474,HONDA,12534,TRX650FA (FourTrax Rincon)
474,HONDA,12535,TRX650FGA (FourTrax Rincon)
474,HONDA,12537,CRF1000
474,HONDA,12539,VFR1200X
474,HONDA,12540,VFR1200XD
474,HONDA,12542,CHF50 (Metropolitan II)
474,HONDA,12546,NRX1800BA (VALKYRIE RUNE)
474,HONDA,12547,NRX1800BB (VALKYRIE RUNE)
474,HONDA,12548,VTX1800C (VTX)
474,HONDA,12552,TRX400FGA
474,HONDA,12554,CB750 (Nighthawk 750)
474,HONDA,12555,VF750C (MAGNA)
474,HONDA,12564,CBR900/CBR954
474,HONDA,12565,CBR900/CBR929
474,HONDA,12568,VTX1800R (VTX)
474,HONDA,12569,VTX1800S (VTX)
474,HONDA,12570,GL1500 (Valkyrie)
474,HONDA,12571,XR70R
474,HONDA,12572,XR50
474,HONDA,12573,CR80
474,HONDA,12575,XR80R
474,HONDA,12576,XR100R
474,HONDA,12581,VFR800Fi (INTERCEPTOR)
474,HONDA,12583,ST1100A
474,HONDA,12584,VT1100C3 (SHADOW AERO)
474,HONDA,12585,GL1500C (VALKYRIE)
474,HONDA,12586,GL1500CD (VALKYRIE TOURER)
474,HONDA,12587,GL1500CT (VALKYRIE TOURER)
474,HONDA,12588,GL1500CF (VALKYRIE INTERSTATE)
474,HONDA,12589,GL1500SE (GOLD WING SE)
474,HONDA,12618,VT600CD2
474,HONDA,12647,VT1100T (SHADOW ACE TOURER)
474,HONDA,12651,CR500R
474,HONDA,12654,VF750C2 (MAGNA)
474,HONDA,12658,GL1500A (GOLD WING ASPENCADE)
474,HONDA,12662,VT1100C2 (SHADOW ACE)
474,HONDA,12663,Z50R
474,HONDA,12664,PC800 (PACIFIC COAST)
474,HONDA,12671,XR200
474,HONDA,12709,GL1500i
474,HONDA,12710,EZ90
474,HONDA,12722,RVF750R (RC45)
474,HONDA,12839,TRX400FG
474,HONDA,13340,VTX1300RL/VTX1300R
474,HONDA,13450,Cota 300RR
474,HONDA,14008,Honda Utility Vehicle
474,HONDA,14060,CBR600
474,HONDA,14249,Clarity
474,HONDA,14789,CH250
474,HONDA,14790,SE50PI
474,HONDA,14791,CH150
474,HONDA,14792,SE50H
474,HONDA,14793,SE50PH
474,HONDA,14794,NQ50
474,HONDA,14795,CMX450C
474,HONDA,14796,VT700C (Shadow)
474,HONDA,14797,VR700FII
474,HONDA,14799,XL250R
474,HONDA,14800,XL600R
474,HONDA,14801,TLR200
474,HONDA,14803,CN250
474,HONDA,14804,NB50
474,HONDA,14805,VF1000R
474,HONDA,14806,VF500F
474,HONDA,14807,CB450
474,HONDA,14808,TG50
474,HONDA,14809,CB700
474,HONDA,14810,VF1100C
474,HONDA,14811,VT500
474,HONDA,14813,NB50M
474,HONDA,14822,XL80
474,HONDA,14823,XL100S
474,HONDA,14825,VF1100S
474,HONDA,14826,VF1000F
474,HONDA,14827,XL350R
474,HONDA,14828,NH80
474,HONDA,14865,CB125
474,HONDA,14866,VF700C (Magna)
474,HONDA,14867,NN50MD
474,HONDA,15210,XL125
474,HONDA,15831,CMX300 (Rebel 300)
474,HONDA,15835,CMX500 (Rebel500)
474,HONDA,23307,NCW50/Metropolitan
474,HONDA,24319,CRF1000 (Africa Twin)
474,HONDA,24766,CBF300
474,HONDA,25272,CRF450
474,HONDA,25273,Z125 (Monkey)
474,HONDA,25276,GL1800
474,HONDA,25758,C125 (Super Cub)
474,HONDA,26254,Pioneer
474,HONDA,26689,CRF1100 (Africa Twin)
474,HONDA,26826,VT800C
474,HONDA,26829,CH125
474,HONDA,26830,CM200
474,HONDA,26831,CM250C
474,HONDA,26833,CX500
474,HONDA,26835,CM450
474,HONDA,26836,VF500C
474,HONDA,26837,XL500S
474,HONDA,26839,XR500R
474,HONDA,26840,CB750
474,HONDA,26841,CB650
474,HONDA,26842,VF750S
474,HONDA,26847,CB550
474,HONDA,26850,CX650
474,HONDA,27165,Accord Crosstour
474,HONDA,27254,SXS1000S4 (Talon 1000X-4)
474,HONDA,27408,ADV150
474,HONDA,27409,FIREBLADE
474,HONDA,27546,CBX
474,HONDA,27839,TRX500 (FourTrax Foreman Rubicon)
474,HONDA,27889,Cota 300RR (MRT300)
474,HONDA,27896,WW150/PCX150
474,HONDA,27897,SXS1000M (Pioneer 1000)
474,HONDA,27898,SXS700 (Pioneer 700)
474,HONDA,27899,SXS500 (Pioneer 500)
474,HONDA,27902,TRX420 (Rancher)
474,HONDA,27906,TRX500 (Foreman)
474,HONDA,27908,TRX500 (Foreman Rubicon)
474,HONDA,27909,TRX500 (Rubicon)
474,HONDA,27927,CB300
474,HONDA,27928,CB1000
474,HONDA,27942,Trail 125
474,HONDA,28359,CMX1100A (REBEL1100)
474,HONDA,28360,CMX1100D (REBEL1100 DCT)
474,HONDA,28626,CRF300L
474,HONDA,28850,Monkey
474,HONDA,29417,CIVIC SI
474,HONDA,29509,Navi
474,HONDA,29550,CMX300
474,HONDA,29619,PCX
474,HONDA,29648,Ruckus
474,HONDA,30282,SXS1000S2 (Talon 1000)
474,HONDA,30372,TRX520
474,HONDA,30374,SXS520
474,HONDA,30382,ATC350X
474,HONDA,30468,ATC250
474,HONDA,30469,ATC200
474,HONDA,30813,CM400
474,HONDA,30815,VF700S (Sabre)
474,HONDA,30816,VF700F (Interceptor)
475,ACURA,1867,ZDX
475,ACURA,1871,RDX
475,ACURA,1872,RL
475,ACURA,1873,TL
475,ACURA,1874,TSX
475,ACURA,2147,MDX
475,ACURA,2149,RLX
475,ACURA,2150,ILX
475,ACURA,3183,RSX
475,ACURA,5063,Integra
475,ACURA,5145,CL
475,ACURA,5168,NSX
475,ACURA,5339,Legend
475,ACURA,5354,TLX
475,ACURA,6004,SLX
475,ACURA,11495,Vigor
475,ACURA,29419,"TLX TYPE S "
475,ACURA,29530,MDX Type S
475,ACURA,29566,NSX Type S
582,AUDI,3145,TT
582,AUDI,3146,A4
582,AUDI,3147,S4
582,AUDI,3148,A6
582,AUDI,3149,RS6
582,AUDI,3150,allroad
582,AUDI,3151,A8
582,AUDI,3675,RS4
582,AUDI,3676,A3
582,AUDI,3677,S6
582,AUDI,3678,S8
582,AUDI,3679,Q7
582,AUDI,3787,A5
582,AUDI,3788,S5
582,AUDI,3789,R8
582,AUDI,3861,TTS
582,AUDI,3862,Q5
582,AUDI,4014,RS5
582,AUDI,4015,A7
582,AUDI,4016,TT RS
582,AUDI,4051,Q3
582,AUDI,4052,SQ5
582,AUDI,8056,90
582,AUDI,8057,100
582,AUDI,8058,V8
582,AUDI,8059,Cabriolet
582,AUDI,8173,S3
582,AUDI,8258,S7
582,AUDI,8685,RS7
582,AUDI,13759,A4 allroad
582,AUDI,14336,5000
582,AUDI,14337,4000
582,AUDI,14342,80
582,AUDI,14343,200
582,AUDI,14348,Coupe
582,AUDI,16783,RS3
582,AUDI,25317,Q8
582,AUDI,25874,e-tron
582,AUDI,27028,A6 allroad
582,AUDI,27029,Q5 e
582,AUDI,27122,A8 e
582,AUDI,27401,SQ7
582,AUDI,27402,SQ8
582,AUDI,27403,RS Q8
582,AUDI,27819,e-tron Sportback
582,AUDI,28998,RS e-tron GT
582,AUDI,29351,Q4
582,AUDI,29708,A8 L
582,AUDI,29994,e-tron GT
523,SUBARU,2232,Legacy
523,SUBARU,2233,Outback
523,SUBARU,2234,Forester
523,SUBARU,2235,Impreza
523,SUBARU,2236,XV CrossTrek
523,SUBARU,2237,WRX
523,SUBARU,2238,BRZ
523,SUBARU,2319,Baja
523,SUBARU,2320,B9 Tribeca
523,SUBARU,6093,SVX
523,SUBARU,13580,Crosstrek
523,SUBARU,14213,Justy
523,SUBARU,14226,Loyale
523,SUBARU,14245,Brat
523,SUBARU,17873,XT
523,SUBARU,17874,XT6
523,SUBARU,18054,DL
523,SUBARU,18055,GL
523,SUBARU,18056,GL-10
523,SUBARU,18059,RX
523,SUBARU,18081,Standard
523,SUBARU,18099,GLF
523,SUBARU,24836,Ascent
523,SUBARU,30191,Solterra
460,FORD,1778,Crown Victoria
460,FORD,1779,Focus
460,FORD,1780,Fusion
460,FORD,1781,Mustang
460,FORD,1782,Taurus
460,FORD,1796,E-150
460,FORD,1797,Edge
460,FORD,1798,Escape
460,FORD,1799,Expedition
460,FORD,1800,Explorer
460,FORD,1801,F-150
460,FORD,1802,Flex
460,FORD,1803,Ranger
460,FORD,1804,Explorer Sport Trac
460,FORD,1805,F-250
460,FORD,1806,F-350
460,FORD,1807,F-450
460,FORD,1808,F-550
460,FORD,1809,F-650
460,FORD,1810,F-750
460,FORD,1811,Transit Connect
460,FORD,1817,E-250
460,FORD,1818,E-350
460,FORD,1819,E-450
460,FORD,1820,Expedition MAX
460,FORD,2345,Thunderbird
460,FORD,2346,GT
460,FORD,2347,Five Hundred
460,FORD,2370,Excursion
460,FORD,2379,Freestyle
460,FORD,2384,Freestar
460,FORD,2737,Motorhome Chassis
460,FORD,3160,Taurus X
460,FORD,3267,Fiesta
460,FORD,3410,Commercial Chassis
460,FORD,3462,C-max
460,FORD,3608,Transit
460,FORD,5181,Escort
460,FORD,5182,ZX2
460,FORD,5264,Windstar
460,FORD,5342,E-550
460,FORD,5346,B-750
460,FORD,5361,F-800
460,FORD,5868,Explorer Sport
460,FORD,6703,Aspire
460,FORD,6730,Probe
460,FORD,6731,Contour
460,FORD,6825,Bronco
460,FORD,6857,Aerostar
460,FORD,7331,F-150 Heritage
460,FORD,9213,L8501
460,FORD,9214,LT8501
460,FORD,9215,L9501
460,FORD,9216,LT9501
460,FORD,9217,L8511
460,FORD,9218,LT8511
460,FORD,9219,L9511
460,FORD,9220,LT9511
460,FORD,9221,L8513
460,FORD,9222,LT8513
460,FORD,9223,L9513
460,FORD,9224,LT9513
460,FORD,9225,L9522
460,FORD,9226,LT9522
460,FORD,9227,A8513
460,FORD,9228,AT8513
460,FORD,9229,A9513
460,FORD,9230,AT9513
460,FORD,9231,A9522
460,FORD,9232,AT9522
460,FORD,9268,B800
460,FORD,9270,F-Super Duty
460,FORD,9272,F-700
460,FORD,9282,P700
460,FORD,9283,P800
460,FORD,9284,FT900
460,FORD,9285,L8000
460,FORD,9286,L9000
460,FORD,9287,LL9000
460,FORD,9288,LLA9000
460,FORD,9289,LLS9000
460,FORD,9290,LS8000
460,FORD,9291,LS9000
460,FORD,9292,LT8000
460,FORD,9293,LT9000
460,FORD,9294,LTS8000
460,FORD,9295,LTS9000
460,FORD,9296,LTL9000
460,FORD,9297,LTLA9000
460,FORD,9298,LTLS9000
460,FORD,9299,LA8000
460,FORD,9300,LA9000
460,FORD,9301,LTA9000
460,FORD,9302,LN7000
460,FORD,9303,LN8000
460,FORD,9304,LN9000
460,FORD,9305,LNT8000
460,FORD,9306,LNT9000
460,FORD,9307,CF8000
460,FORD,9308,CFT8000
460,FORD,9312,CF7000
460,FORD,10378,Festiva
460,FORD,11942,Low Cab Forward
460,FORD,13958,Tempo
460,FORD,13977,B600
460,FORD,13978,B700
460,FORD,13979,F-600
460,FORD,13980,Recreational Vehicle
460,FORD,13981,F-590
460,FORD,13983,P600
460,FORD,14148,CL9000
460,FORD,14149,CLT9000
460,FORD,14150,Bronco II
460,FORD,14152,FT800
460,FORD,14153,CT8000
460,FORD,14154,C800
460,FORD,14155,C8000
460,FORD,14196,Laser
460,FORD,14199,LTD
460,FORD,14614,Fairmont
460,FORD,14618,Granada
460,FORD,14930,'34
460,FORD,15160,CF6000
460,FORD,15194,B7000
460,FORD,15195,C7000
460,FORD,15197,F7000
460,FORD,15198,F8000
460,FORD,15203,FT8000
460,FORD,15204,Courier
460,FORD,15205,B6000
460,FORD,15206,C600
460,FORD,15208,C700
460,FORD,15209,F6000
460,FORD,15223,LN600
460,FORD,15225,LN700
460,FORD,15251,L800
460,FORD,15252,LT800
460,FORD,15254,LN800
460,FORD,15255,LNT800
460,FORD,15273,E-100
460,FORD,15280,F-100
460,FORD,15291,CT800
460,FORD,17774,Ecosport
460,FORD,25742,Expedition EL
460,FORD,27411,Bronco Sport
460,FORD,27440,Mustang Mach-E
460,FORD,28967," Maverick"
448,TOYOTA,2206,SCION xA
448,TOYOTA,2207,SCION tC
448,TOYOTA,2208,Corolla
448,TOYOTA,2209,PRIUS
448,TOYOTA,2210,SCION xB
448,TOYOTA,2211,Land Cruiser
448,TOYOTA,2213,Highlander
448,TOYOTA,2216,4-Runner
448,TOYOTA,2217,RAV4
448,TOYOTA,2223,Tacoma
448,TOYOTA,2315,Scion FR-S
448,TOYOTA,2463,FJ Cruiser
448,TOYOTA,2464,Yaris
448,TOYOTA,2465,Avalon
448,TOYOTA,2466,Corolla Matrix
448,TOYOTA,2467,Tundra
448,TOYOTA,2468,Sienna
448,TOYOTA,2469,Camry
448,TOYOTA,2803,Camry Solara
448,TOYOTA,2827,Sequoia
448,TOYOTA,2933,SCION xD
448,TOYOTA,3005,Venza
448,TOYOTA,3155,FCHV-adv
448,TOYOTA,3644,Tercel
448,TOYOTA,3645,Celica
448,TOYOTA,3647,Supra
448,TOYOTA,3648,MR2
448,TOYOTA,3649,Paseo
448,TOYOTA,3650,Echo
448,TOYOTA,3655,Cressida
448,TOYOTA,3660,Cargo Van
448,TOYOTA,9373,Previa
448,TOYOTA,9374,T100
448,TOYOTA,10198,Mirai
448,TOYOTA,10241,Scion iQ
448,TOYOTA,11501,Scion iM
448,TOYOTA,13602,86
448,TOYOTA,13603,Scion iA
448,TOYOTA,13822,Prius V
448,TOYOTA,13823,Prius C
448,TOYOTA,13824,Prius Plug-in
448,TOYOTA,14263,Pick-Up
448,TOYOTA,14264,Van
448,TOYOTA,14510,Starlet
448,TOYOTA,14551,Corona
448,TOYOTA,15800,COROLLA iM
448,TOYOTA,17213,C-HR
448,TOYOTA,21950,Prius Prime
448,TOYOTA,24949,Yaris iA
448,TOYOTA,28070,RAV4 Prime
448,TOYOTA,29274,COROLLA CROSS
448,TOYOTA,29364,GR86
448,TOYOTA,30041,bZ4X
448,TOYOTA,31077,CROWN
448,TOYOTA,31079,GR COROLLA
584,PORSCHE,7832,911
584,PORSCHE,7847,Boxster
584,PORSCHE,7895,Cayenne
584,PORSCHE,7900,Cayman
584,PORSCHE,7994,Panamera
584,PORSCHE,8022,918
584,PORSCHE,8031,Macan
584,PORSCHE,13846,944
584,PORSCHE,13847,928
584,PORSCHE,13848,924
584,PORSCHE,14080,968
584,PORSCHE,18282,718
584,PORSCHE,28090,Taycan
584,PORSCHE,31222,718 Boxster
584,PORSCHE,31223,718 Spyder
584,PORSCHE,31224,718 Cayman
584,PORSCHE,31225,718 Boxster Spyder
502,LAMBORGHINI,2066,Murcielago
502,LAMBORGHINI,2067,Gallardo
502,LAMBORGHINI,8619,Diablo
502,LAMBORGHINI,8621,147
502,LAMBORGHINI,9927,Aventador
502,LAMBORGHINI,9928,Huracan
502,LAMBORGHINI,25121,URUS
502,LAMBORGHINI,27375,Roadster
502,LAMBORGHINI,28962,Huracan STO
603,FERRARI,3601,612 Scaglietti
603,FERRARI,3602,F430 Coupe
603,FERRARI,3603,599 GTB
603,FERRARI,3604,F430 Spider
603,FERRARI,3605,599 GTB Fiorano
603,FERRARI,3606,430 Scuderia
603,FERRARI,3607,F430
603,FERRARI,3635,430 Scuderia Spider
603,FERRARI,9939,360 Modena/360 Modena F1
603,FERRARI,9940,360 Spider/360 Spider F1
603,FERRARI,9941,575 M Maranello/575 M Maranello F1
603,FERRARI,9942,456 MGT
603,FERRARI,9943,456 MGTA
603,FERRARI,9944,Enzo
603,FERRARI,9954,F355
603,FERRARI,9957,550 Maranello
603,FERRARI,13843,F12 Berlinetta
603,FERRARI,13849,California T
603,FERRARI,13850,FF
603,FERRARI,13851,La Ferrari
603,FERRARI,13852,458 Italia
603,FERRARI,13853,458 Speciale
603,FERRARI,13854,458 Speciale Spider
603,FERRARI,13855,458 Spider
603,FERRARI,13856,California
603,FERRARI,13872,599 GTO
603,FERRARI,14016,348 tb
603,FERRARI,14017,348 ts
603,FERRARI,14020,512 TR
603,FERRARI,14024,355 Berlinetta
603,FERRARI,14025,355 GTS
603,FERRARI,14026,348 Spider
603,FERRARI,14027,456 GT
603,FERRARI,14028,355 Spider
603,FERRARI,14031,Mondial T
603,FERRARI,14038,Testarossa
603,FERRARI,14039,F40
603,FERRARI,14047,328 GTB
603,FERRARI,14048,328 GTS
603,FERRARI,14049,3.2 Mondial
603,FERRARI,14050,328
603,FERRARI,14052,308GTB Quattrovalvole
603,FERRARI,14053,308GTS Quattrovalvole
603,FERRARI,14055,Mondial 8
603,FERRARI,14056,308 Convertible
603,FERRARI,14111,488 GTB
603,FERRARI,14112,488 GTS
603,FERRARI,14113,F12 Special Series
603,FERRARI,14114,F60 America
603,FERRARI,14598,308GTBi
603,FERRARI,14599,308GTSi
603,FERRARI,14600,308GTB
603,FERRARI,14601,308GTS
603,FERRARI,25180,F12 tdf (Tour de France)
603,FERRARI,25181,GTC4Lusso
603,FERRARI,26486,488 Spider
603,FERRARI,26487,812 Superfast
603,FERRARI,26488,Portofino
603,FERRARI,26489,488 Pista
603,FERRARI,27571,F8 Tributo
603,FERRARI,27823,812GTS
603,FERRARI,27825,F8 Spider
603,FERRARI,27826,SF 90 STradale
603,FERRARI,27827,Roma
603,FERRARI,27828,F164BCB
603,FERRARI,29321,488 Pista Spider
4767,PAGANI,10444,Huayra
2236,MCLAREN,6029,MP4-12C
2236,MCLAREN,10239,P1
2236,MCLAREN,26669,625C
2236,MCLAREN,26670,650S
2236,MCLAREN,26671,675LT
2236,MCLAREN,26672,540C
2236,MCLAREN,26673,570S
2236,MCLAREN,26674,570GT
2236,MCLAREN,26675,600LT
2236,MCLAREN,26676,720S
2236,MCLAREN,26677,SENNA
2236,MCLAREN,26678,SENNA GTR
2236,MCLAREN,26679,GT
2236,MCLAREN,27471,620R
2236,MCLAREN,29623,765LT
2236,MCLAREN,29624,ELVA
482,VOLKSWAGEN,1951,Routan
482,VOLKSWAGEN,3133,Golf
482,VOLKSWAGEN,3134,Passat
482,VOLKSWAGEN,3135,Phaeton
482,VOLKSWAGEN,3136,Touareg
482,VOLKSWAGEN,3137,Jetta
482,VOLKSWAGEN,3140,GTI
482,VOLKSWAGEN,3141,R32
482,VOLKSWAGEN,3142,Jetta Wagon
482,VOLKSWAGEN,4084,Rabbit
482,VOLKSWAGEN,4167,Eos
482,VOLKSWAGEN,5059,Golf SportWagen
482,VOLKSWAGEN,8051,Golf III
482,VOLKSWAGEN,8053,Corrado
482,VOLKSWAGEN,8055,EuroVan
482,VOLKSWAGEN,8118,e-Golf
482,VOLKSWAGEN,8119,Beetle
482,VOLKSWAGEN,8121,CC
482,VOLKSWAGEN,8151,Tiguan
482,VOLKSWAGEN,8364,Jetta SportWagen
482,VOLKSWAGEN,8460,Cabrio
482,VOLKSWAGEN,13670,Golf GTI
482,VOLKSWAGEN,13844,Golf R
482,VOLKSWAGEN,14216,CABRIOLET
482,VOLKSWAGEN,14217,FOX
482,VOLKSWAGEN,14261,Quantum
482,VOLKSWAGEN,14262,Scirocco
482,VOLKSWAGEN,14266,Vanagon
482,VOLKSWAGEN,14568,Dasher
482,VOLKSWAGEN,14569,KOMBI
482,VOLKSWAGEN,17618,Atlas
482,VOLKSWAGEN,24230,Golf Alltrack
482,VOLKSWAGEN,24247,Tiguan Limited
482,VOLKSWAGEN,25871,Arteon
482,VOLKSWAGEN,26088,GLI
482,VOLKSWAGEN,27124,Atlas Cross Sport
482,VOLKSWAGEN,28219,ID.4
482,VOLKSWAGEN,28652,Taos
482,VOLKSWAGEN,29590,Atlas Cross Sport 4Motion
482,VOLKSWAGEN,29591,Tiguan 4Motion
482,VOLKSWAGEN,29592,Atlas 4Motion
482,VOLKSWAGEN,29595,Taos 4Motion
482,VOLKSWAGEN,29681,Jetta GLI
482,VOLKSWAGEN,29714,Arteon 4Motion
473,MAZDA,1860,Tribute
473,MAZDA,2072,MX-5
473,MAZDA,2073,RX-8
473,MAZDA,2074,Mazda3
473,MAZDA,2075,Mazda5
473,MAZDA,2076,CX-7
473,MAZDA,2077,CX-9
473,MAZDA,2078,Mazda6
473,MAZDA,2153,Mazda2
473,MAZDA,2322,MPV
473,MAZDA,2369,CX-5
473,MAZDA,2741,B-Series
473,MAZDA,5410,Protege
473,MAZDA,5470,Millenia
473,MAZDA,5471,626
473,MAZDA,5494,323
473,MAZDA,5495,MX-3
473,MAZDA,5496,929
473,MAZDA,5497,RX-7
473,MAZDA,7791,MX-6
473,MAZDA,10202,CX-3
473,MAZDA,13839,GLC
473,MAZDA,13901,Navajo
473,MAZDA,26914,CX-30
473,MAZDA,29125,MX-30
473,MAZDA,30046,CX-50
533,MAYBACH,2775,Maybach
449,MERCEDES-BENZ,1703,Sprinter
449,MERCEDES-BENZ,2079,SL-Class
449,MERCEDES-BENZ,2080,SLK-Class
449,MERCEDES-BENZ,2081,E-Class
449,MERCEDES-BENZ,2082,CLS-Class
449,MERCEDES-BENZ,2083,CLA-Class
449,MERCEDES-BENZ,2084,GLA-Class
449,MERCEDES-BENZ,2085,C-Class
449,MERCEDES-BENZ,2086,S-Class
449,MERCEDES-BENZ,2087,SLS-Class
449,MERCEDES-BENZ,2113,B-Class
449,MERCEDES-BENZ,2129,M-Class
449,MERCEDES-BENZ,2130,GL-Class
449,MERCEDES-BENZ,2131,G-Class
449,MERCEDES-BENZ,2132,GLK-Class
449,MERCEDES-BENZ,2678,CL-Class
449,MERCEDES-BENZ,2822,CLK-Class
449,MERCEDES-BENZ,2936,SLR McLaren
449,MERCEDES-BENZ,2939,R-Class
449,MERCEDES-BENZ,5881,AMG GT
449,MERCEDES-BENZ,5885,GLC-Class
449,MERCEDES-BENZ,5886,GLE-Class
449,MERCEDES-BENZ,11451,Metris
449,MERCEDES-BENZ,11452,SLC-Class
449,MERCEDES-BENZ,13819,ML-Class
449,MERCEDES-BENZ,14005,GLS-Class
449,MERCEDES-BENZ,14013,190
449,MERCEDES-BENZ,14014,300
449,MERCEDES-BENZ,14015,500
449,MERCEDES-BENZ,14081,L1013
449,MERCEDES-BENZ,14082,L1113
449,MERCEDES-BENZ,14083,L1116
449,MERCEDES-BENZ,14084,L1316
449,MERCEDES-BENZ,14085,L1418
449,MERCEDES-BENZ,14087,L1117
449,MERCEDES-BENZ,14088,L1317
449,MERCEDES-BENZ,14089,L1419
449,MERCEDES-BENZ,14090,LP1419
449,MERCEDES-BENZ,14091,LPS1525
449,MERCEDES-BENZ,14092,LP1219
449,MERCEDES-BENZ,14093,L1319
449,MERCEDES-BENZ,14773,280
449,MERCEDES-BENZ,14774,240
449,MERCEDES-BENZ,14775,380
449,MERCEDES-BENZ,17597,400
449,MERCEDES-BENZ,17598,600
449,MERCEDES-BENZ,17599,350
449,MERCEDES-BENZ,17600,420
449,MERCEDES-BENZ,17601,560
449,MERCEDES-BENZ,17602,260
449,MERCEDES-BENZ,24879,A-Class
449,MERCEDES-BENZ,26498,GLB-Class
449,MERCEDES-BENZ,26499,EQC-Class
449,MERCEDES-BENZ,29045,EQS-Class Sedan
449,MERCEDES-BENZ,30229,EQE-Class Sedan
449,MERCEDES-BENZ,30230,EQB-Class
449,MERCEDES-BENZ,30265,EQS-Class SUV
449,MERCEDES-BENZ,31097,EQE-Class SUV
465,MERCURY,1792,Grand Marquis
465,MERCURY,1793,Milan
465,MERCURY,1815,Mariner
465,MERCURY,1816,Mountaineer
465,MERCURY,2365,Sable
465,MERCURY,2366,Montego
465,MERCURY,2555,Monterey
465,MERCURY,5191,Cougar
465,MERCURY,5258,Villager
465,MERCURY,6732,Tracer
465,MERCURY,6733,Mystique
465,MERCURY,13962,Capri
465,MERCURY,13963,Topaz
465,MERCURY,14195,Lynx
465,MERCURY,14201,MARQUIS
465,MERCURY,14620,Zephyr
465,MERCURY,25134,Marauder
456,MINI,1761,Cooper
456,MINI,1765,Clubman
456,MINI,1767,Cooper Convertible
456,MINI,1862,Hardtop
456,MINI,1880,Countryman
456,MINI,1886,Cooper Coupe
456,MINI,1925,Cooper Roadster
456,MINI,1928,Paceman
481,MITSUBISHI,1950,Raider
481,MITSUBISHI,2163,Outlander
481,MITSUBISHI,2164,Lancer
481,MITSUBISHI,2165,Galant
481,MITSUBISHI,2166,Eclipse
481,MITSUBISHI,2167,Endeavor
481,MITSUBISHI,2318,Montero
481,MITSUBISHI,2321,Eclipse Spyder
481,MITSUBISHI,2336,RVR
481,MITSUBISHI,2339,i-MiEV
481,MITSUBISHI,2342,Mirage
481,MITSUBISHI,5422,Expo
481,MITSUBISHI,5423,3000 GT
481,MITSUBISHI,5424,3000 GT Spyder
481,MITSUBISHI,5425,Diamante
481,MITSUBISHI,5426,Truck
481,MITSUBISHI,5755,Montero Sport
481,MITSUBISHI,5808,Lancer SportBack
481,MITSUBISHI,5809,Lancer Evolution
481,MITSUBISHI,13842,Mirage G4
481,MITSUBISHI,13867,Outlander Sport
481,MITSUBISHI,14423,Precis
481,MITSUBISHI,14442,Space Wagon
481,MITSUBISHI,14443,Wagon
481,MITSUBISHI,14445,Sigma
481,MITSUBISHI,14446,Starion
481,MITSUBISHI,14449,Van
481,MITSUBISHI,14454,Tredia
481,MITSUBISHI,14455,Cordia
481,MITSUBISHI,14572,Mighty Max
481,MITSUBISHI,14573,SPX
481,MITSUBISHI,14577,SP
481,MITSUBISHI,17617,ECLIPSE CROSS
481,MITSUBISHI,27241,Low Speed Vehicle
11998,MOSER,31109,Moser
496,RAM,2050,Promaster City
496,RAM,13620,1500
496,RAM,13621,2500
496,RAM,13622,3500
496,RAM,13623,4000
496,RAM,13624,4500
496,RAM,13625,5500
496,RAM,13627,Promaster 1500
496,RAM,13628,Promaster 2500
496,RAM,13629,Promaster 3500
496,RAM,13907,Cargo Van
11921,RIMAC,30772,Nevera
445,ROLLS ROYCE,1689,Phantom
445,ROLLS ROYCE,1690,Ghost
445,ROLLS ROYCE,1691,Wraith
445,ROLLS ROYCE,9786,Silver Dawn
445,ROLLS ROYCE,9790,Silver Spur
445,ROLLS ROYCE,9792,Silver Spirit
445,ROLLS ROYCE,9795,Touring Limousine
445,ROLLS ROYCE,9825,Corniche
445,ROLLS ROYCE,9826,Park Ward
445,ROLLS ROYCE,9830,Silver Seraph
445,ROLLS ROYCE,10289,Dawn
445,ROLLS ROYCE,14260,Camargue
445,ROLLS ROYCE,25883,Cullinan
445,ROLLS ROYCE,27698,Flying Spur
454,BUGATTI,1734,Veyron
454,BUGATTI,19517,Chiron
454,BUGATTI,23703,EB110
468,BUICK,1821,LaCrosse
468,BUICK,1822,Regal
468,BUICK,1823,Verano
468,BUICK,1841,Enclave
468,BUICK,1842,Encore
468,BUICK,4267,Lucerne
468,BUICK,4287,Allure
468,BUICK,4953,Terraza
468,BUICK,4954,Rainier
468,BUICK,4955,Rendezvous
468,BUICK,8841,Park Avenue
468,BUICK,8842,LeSabre
468,BUICK,8843,Century
468,BUICK,9026,Incomplete
468,BUICK,9069,Riviera
468,BUICK,9090,Skylark
468,BUICK,9119,Coachbuilder
468,BUICK,9120,Roadmaster
468,BUICK,10290,Cascada
468,BUICK,11438,Envision
468,BUICK,14362,Reatta
468,BUICK,14422,Electra
468,BUICK,14466,Skyhawk
468,BUICK,14486,Somerset
468,BUICK,17844,Regal TourX
468,BUICK,26604,Encore GX
452,BMW,1707,128i
452,BMW,1708,135i
452,BMW,1709,328i
452,BMW,1710,M3
452,BMW,1711,335i
452,BMW,1712,335is
452,BMW,1713,335d
452,BMW,1714,X6
452,BMW,1715,528i
452,BMW,1716,535i
452,BMW,1717,X5
452,BMW,1718,550i
452,BMW,1719,X3
452,BMW,1720,740i
452,BMW,1721,740Li
452,BMW,1722,750i
452,BMW,1723,750Li
452,BMW,1724,760Li
452,BMW,1725,Z4
452,BMW,1727,750xi
452,BMW,1728,750Lxi
452,BMW,1729,M6
452,BMW,1730,528xi
452,BMW,1731,640i
452,BMW,1732,650i
452,BMW,1733,650xi
452,BMW,1736,G 450 X
452,BMW,1737,F 800 S
452,BMW,1738,F 800 ST
452,BMW,1739,F 800 GS
452,BMW,1740,F 800 R
452,BMW,1741,HP2
452,BMW,1742,S 1000 RR
452,BMW,1743,R 1200 GS
452,BMW,1744,R 1200 R
452,BMW,1745,R 1200 RT
452,BMW,1746,K 1300 S
452,BMW,1747,K 1300 GT
452,BMW,1748,K 1300 R
452,BMW,1749,F 650 GS
452,BMW,1750,G 650 GS
452,BMW,1751,R 900 RT
452,BMW,1752,K 1600 GT
452,BMW,1753,K 1600 GTL
452,BMW,1754,F 700 GS
452,BMW,1755,F 800 GT
452,BMW,1756,C 600
452,BMW,1757,C 650 GT
452,BMW,1758,HP4
452,BMW,1759,S 1000 R
452,BMW,1760,R nineT
452,BMW,1970,1M
452,BMW,1971,Active E
452,BMW,2024,M5
452,BMW,2170,228i
452,BMW,2171,M235i
452,BMW,2172,320i
452,BMW,2173,328d
452,BMW,2178,i3
452,BMW,2179,i8
452,BMW,2219,ActiveHybrid 3
452,BMW,2220,428i
452,BMW,2230,435i
452,BMW,2231,535d
452,BMW,2240,ActiveHybrid 5
452,BMW,2300,X1
452,BMW,2350,R 1150 GS
452,BMW,2351,R 1200 S
452,BMW,2352,R 1200 ST
452,BMW,2353,K 1200 R
452,BMW,2354,K 1200 S
452,BMW,2355,K 1200 LT
452,BMW,2359,K 1200 GT
452,BMW,2360,R 1150 R
452,BMW,2361,R 850 R
452,BMW,2376,535xi
452,BMW,2377,328xi
452,BMW,2378,335xi
452,BMW,2584,525i
452,BMW,2585,530i
452,BMW,2586,530xi
452,BMW,2587,525xi
452,BMW,2759,325Cic
452,BMW,2760,330Cic
452,BMW,2761,M3Cic
452,BMW,2762,325Ci
452,BMW,2763,330Ci
452,BMW,2764,325i
452,BMW,2765,325xi
452,BMW,2766,325xiT
452,BMW,2767,530xiT
452,BMW,2777,330i
452,BMW,2778,330xi
452,BMW,2804,760i
452,BMW,3050,325iT
452,BMW,3051,545i
452,BMW,3052,645Ci
452,BMW,3053,645Cic
452,BMW,3054,745i
452,BMW,3055,745Li
452,BMW,5094,K 1100 RS
452,BMW,5095,K75
452,BMW,5096,K75S
452,BMW,5097,K75RT
452,BMW,5098,K 1100 LT
452,BMW,5099,R 100
452,BMW,5100,R 100 R
452,BMW,5101,R 100 RT
452,BMW,5102,R 100 GS
452,BMW,5104,R 1100 R
452,BMW,5105,R 1100 RS
452,BMW,5106,R 1100 GS
452,BMW,5108,F 650
452,BMW,5109,F 650 S
452,BMW,5110,R 1100 RT
452,BMW,5111,K 1200 RS
452,BMW,5112,R 1200 C
452,BMW,5132,F 650 CS
452,BMW,5136,R 1100 S
452,BMW,5137,R 1150 RS
452,BMW,5138,R 1150 RT
452,BMW,5139,R 1200 CL
452,BMW,5178,318i
452,BMW,5185,318iS
452,BMW,5186,318iC
452,BMW,5187,325iS
452,BMW,5190,325iC
452,BMW,5193,525iT
452,BMW,5194,530iT
452,BMW,5195,540i
452,BMW,5198,840Ci
452,BMW,5199,850Ci
452,BMW,5200,850CSi
452,BMW,5217,318ti
452,BMW,5237,328iC
452,BMW,5238,328iS
452,BMW,5239,Z3
452,BMW,5253,323i
452,BMW,5254,323is
452,BMW,5255,323iC
452,BMW,5324,Z8
452,BMW,5343,525iA
452,BMW,5347,530iA
452,BMW,5348,540iA
452,BMW,5349,525iAT
452,BMW,5350,540iAT
452,BMW,5355,Alpina
452,BMW,5384,645i
452,BMW,5992,X4
452,BMW,9253,335
452,BMW,9452,740iL
452,BMW,9453,750iL
452,BMW,9459,M3Ci
452,BMW,9567,M2
452,BMW,9568,340i
452,BMW,9569,330e
452,BMW,9570,M4
452,BMW,10045,S 1000 XR
452,BMW,10046,R 1200 RS
452,BMW,10047,C 650
452,BMW,10587,328Ci
452,BMW,13375,R 100 GSPD
452,BMW,13425,735i
452,BMW,13426,735iL
452,BMW,13427,850i
452,BMW,13429,325ix
452,BMW,13431,325/325e
452,BMW,13437,635CSi
452,BMW,13438,535i/535is
452,BMW,13439,L7
452,BMW,13442,524td
452,BMW,13448,528e
452,BMW,13449,325e
452,BMW,13459,325i/325is
452,BMW,13825,230i
452,BMW,13826,M240i
452,BMW,13827,430i
452,BMW,13828,440i
452,BMW,13834,B7
452,BMW,13835,740e
452,BMW,13868,750i / ALPINA B7
452,BMW,14503,533i
452,BMW,14504,633 csi
452,BMW,14505,733i
452,BMW,14578,R 100 RS
452,BMW,14579,K 100 LT
452,BMW,14580,K 100 RS
452,BMW,14581,K1
452,BMW,14583,K100
452,BMW,14584,K 100 RT
452,BMW,14585,R 65
452,BMW,14586,R 80
452,BMW,14587,R 80 RT
452,BMW,14588,R 80 GS
452,BMW,14589,R 65 LS
452,BMW,14590,R 80 ST
452,BMW,14829,R 100 CS
452,BMW,19172,730i
452,BMW,20811,540d
452,BMW,20813,530e
452,BMW,20814,M550i
452,BMW,20815,M760i
452,BMW,21787,650i / ALPINA B6
452,BMW,21788,750Li / ALPINA B7
452,BMW,21790,750Lxi / ALPINA B7
452,BMW,21791,750xi / ALPINA B7
452,BMW,21792,750i / B7
452,BMW,21793,650i / B6
452,BMW,24940,X2
452,BMW,24944,640xi
452,BMW,25884,X7
452,BMW,26481,M340i
452,BMW,26482,745e
452,BMW,26483,840i
452,BMW,26484,M850i
452,BMW,26485,M8
452,BMW,26611,G 310 R
452,BMW,26612,G 310 GS
452,BMW,26613,C 400 GT
452,BMW,26614,C 400 X
452,BMW,26617,F 750 GS
452,BMW,26618,F 850 GS
452,BMW,26625,R 1250 GS
452,BMW,26626,R 1250 RT
452,BMW,26628,R 1250 R
452,BMW,26629,R 1250 RS
452,BMW,26636,K 1600 B
452,BMW,26637,C Evolution
452,BMW,26851,G 650
452,BMW,27296,F 900
452,BMW,28092,R 18 Classic
452,BMW,28093,R 18
452,BMW,28100,M440i
452,BMW,29050,M760Li
452,BMW,29051,745Le
452,BMW,29052,B8
452,BMW,29435,CE 04
452,BMW,29436,M 1000
452,BMW,29578,iX
452,BMW,29579,i4
452,BMW,30512,i7
452,BMW,30516,XM
10199,APOLLO,26520,Street Bike
10199,APOLLO,27237,On road Motorcycle
10199,APOLLO,27238,Scooter
11081,ALPINE,28916," Alpine"
443,MASERATI,1699,Quattroporte
443,MASERATI,1700,Granturismo
443,MASERATI,9746,Coupe
443,MASERATI,9747,Spyder
443,MASERATI,11445,Ghibli
443,MASERATI,11446,Levante
443,MASERATI,14622,Merak
443,MASERATI,14623,Biturbo
443,MASERATI,23167,TC
443,MASERATI,23168,430
443,MASERATI,23169,228
443,MASERATI,28982,MC20
443,MASERATI,30381,Grecale
478,NISSAN,1890,GT-R
478,NISSAN,1894,Versa
478,NISSAN,1898,Versa Note
478,NISSAN,1904,Altima
478,NISSAN,1905,Leaf
478,NISSAN,1906,370Z
478,NISSAN,1907,Sentra
478,NISSAN,1911,Pathfinder
478,NISSAN,1912,Juke
478,NISSAN,1913,Rogue
478,NISSAN,1914,Murano
478,NISSAN,1915,Armada
478,NISSAN,1916,Xterra
478,NISSAN,1917,Quest
478,NISSAN,1918,NV200
478,NISSAN,1919,Frontier
478,NISSAN,1920,Titan
478,NISSAN,1922,NV
478,NISSAN,2302,Maxima
478,NISSAN,2303,350Z
478,NISSAN,2323,X-Trail
478,NISSAN,2341,Cube
478,NISSAN,5565,240SX
478,NISSAN,5566,300ZX
478,NISSAN,5748,Pickup
478,NISSAN,5756,Altra-EV
478,NISSAN,11506,NX
478,NISSAN,11507,NX/Sentra
478,NISSAN,11508,Stanza
478,NISSAN,11509,Axxess
478,NISSAN,13524,PULSAR
478,NISSAN,14272,Van
478,NISSAN,14329,Stanza Wagon
478,NISSAN,14385,200SX
478,NISSAN,17214,Rogue Sport
478,NISSAN,17615,Sentra Classic
478,NISSAN,17616,Altra
478,NISSAN,17817,Micra
478,NISSAN,18137,Rogue Select
478,NISSAN,22791,Kicks
478,NISSAN,30039,NISSAN Z
478,NISSAN,30884,ARIYA
499,KIA,2299,Rio
499,KIA,2460,Soul
499,KIA,2461,Borrego
499,KIA,2462,Forte
499,KIA,2738,Rondo
499,KIA,2739,Optima
499,KIA,2740,Sedona
499,KIA,2769,Sorento
499,KIA,2770,Sportage
499,KIA,3071,Cadenza
499,KIA,3184,K900
499,KIA,5498,Sephia
499,KIA,5499,Spectra
499,KIA,5500,Amanti
499,KIA,5759,Spectra LD
499,KIA,9243,Sephia II/Spectra
499,KIA,12815,Forte Koup
499,KIA,13630,Soul EV
5848,MGS GRAND SPORT (MARDIKIAN),15271,Miami
499,KIA,15705,Niro
499,KIA,21370,Stinger
499,KIA,25756,Telluride
499,KIA,26900,Seltos
499,KIA,27527,K5
499,KIA,28294,Carnival
499,KIA,29462,EV6
509,SUZUKI,2096,DR200SE
509,SUZUKI,2097,GZ250
509,SUZUKI,2098,AN400 / AN400S
509,SUZUKI,2099,DR-Z400SL
509,SUZUKI,2102,GSX600F/GSX600FT
509,SUZUKI,2103,GSX-R600L
509,SUZUKI,2104,GSF650S
509,SUZUKI,2105,GSF650SA
509,SUZUKI,2106,DR650SEL
509,SUZUKI,2107,SV650/SV650S/SV650SF
509,SUZUKI,2108,AN650L
509,SUZUKI,2109,AN650A
509,SUZUKI,2110,LS650L
509,SUZUKI,2111,DL650L
509,SUZUKI,2112,GSX750F/GSX750FT
509,SUZUKI,2115,GSX-R750/GSX-R750T
509,SUZUKI,2116,VS800
509,SUZUKI,2117,VZ800/VZ800Z
509,SUZUKI,2118,VL800 / VL800T / VL800C/VL800B
509,SUZUKI,2119,DL1000
509,SUZUKI,2120,SV1000 / SV1000S
509,SUZUKI,2121,GSX-R1000L
509,SUZUKI,2122,GSF1250S
509,SUZUKI,2123,GSX1300R
509,SUZUKI,2124,VS1400/VS1400GL
509,SUZUKI,2125,VL1500 / VL1500T
509,SUZUKI,2126,VZR1800/VZR1800Z/VZR1800N
509,SUZUKI,2133,LT-Z50/LT-Z50Z
509,SUZUKI,2138,LT-Z250/ LT-Z250Z
509,SUZUKI,2139,LT-F400F
509,SUZUKI,2140,LT-A400F/KING QUAD 400AS
509,SUZUKI,2141,LT-Z400L/LT-Z400ZL
509,SUZUKI,2143,LT-R450/LT-R450Z
509,SUZUKI,2144,LT-F500F
509,SUZUKI,2145,LT-A500F
509,SUZUKI,2146,LT-A700X
509,SUZUKI,3139,Aerio
509,SUZUKI,3143,XL7
509,SUZUKI,3152,SX4
509,SUZUKI,3156,Equator
509,SUZUKI,3157,Kizashi
509,SUZUKI,3186,DR-Z70
509,SUZUKI,3187,DR-Z125L
509,SUZUKI,3188,DR-Z125LL
509,SUZUKI,3189,DR-Z250
509,SUZUKI,3190,DR-Z400E
509,SUZUKI,3191,RM85
509,SUZUKI,3192,RM85L
509,SUZUKI,3193,RM125T
509,SUZUKI,3194,RM-Z250L
509,SUZUKI,3195,RM250/ RM250T
509,SUZUKI,3196,RM-Z450L
509,SUZUKI,3205,LT-Z90L
509,SUZUKI,3206,LT-F400
509,SUZUKI,3207,LT-A400
509,SUZUKI,3208,LT-A450X
509,SUZUKI,3272,JR80
509,SUZUKI,3385,LT-A750
509,SUZUKI,3388,AN400
509,SUZUKI,3389,AN400AL
509,SUZUKI,3393,SV650A/SV650SA/SV650SAF
509,SUZUKI,3394,VLR1800/VLR1800T
509,SUZUKI,3396,SFV650L
509,SUZUKI,3397,GSX650F
509,SUZUKI,3399,GSF1250SA
509,SUZUKI,3400,GSX1300BK
509,SUZUKI,3401,GSX1300BKA
509,SUZUKI,3402,VZ1500L
509,SUZUKI,3407,LT-A500XP
509,SUZUKI,3408,LT-A750XP
509,SUZUKI,3414,VZ800L
509,SUZUKI,3415,TU250XL
509,SUZUKI,3417,GSX-R1000/GSX-R1000Z
509,SUZUKI,3418,VL1500L/VL1500BL/VL1500TL/VL1500BTL
509,SUZUKI,3429,UH200L
509,SUZUKI,3430,DL1000A/DL1000AA
509,SUZUKI,6105,Swift
509,SUZUKI,6106,Forenza
509,SUZUKI,6107,Reno
509,SUZUKI,8564,Esteem
509,SUZUKI,8568,Vitara
509,SUZUKI,8572,Sidekick
509,SUZUKI,8574,Sidekick Sport
509,SUZUKI,8575,X-90
509,SUZUKI,8588,TL1000R
509,SUZUKI,8589,GN125E/ GN125ET
509,SUZUKI,8590,DR350SE
509,SUZUKI,8591,GS500E/GS500ET
509,SUZUKI,8592,GSF600S/GSF600ST
509,SUZUKI,8593,LS650P
509,SUZUKI,8594,VS800GL
509,SUZUKI,8595,RF900R
509,SUZUKI,8596,TL1000S
509,SUZUKI,8597,GSX-R1100W
509,SUZUKI,8598,GSF1200S/SA
509,SUZUKI,8600,RM80T
509,SUZUKI,10085,GSX-R750L
509,SUZUKI,10203,VZR1800BZL
509,SUZUKI,10211,VL1500BL/VL1500TL
509,SUZUKI,10212,VL800L/VL800TL
509,SUZUKI,10214,GSX1300RAL
509,SUZUKI,10215,GSX-R1000AL
509,SUZUKI,10228,DR200SL
509,SUZUKI,10229,GSX-S750ZL/GSX-S750L
509,SUZUKI,10233,GW250FL/GW250ZL
509,SUZUKI,10235,DR-Z400SML
509,SUZUKI,10238,UH200AL
509,SUZUKI,10243,DL650XA/DL650A
509,SUZUKI,10244,GW250/GW250F/GW250Z
509,SUZUKI,10245,GSF1250SA/GSX1250SA
509,SUZUKI,10246,GSX-S1000
509,SUZUKI,10247,GSX-S1000A
509,SUZUKI,10248,GSX-S1000F
509,SUZUKI,10249,GSX-S1000FA
509,SUZUKI,10255,LT-A50
509,SUZUKI,10256,LT80
509,SUZUKI,10257,LT-F160
509,SUZUKI,10258,LT-F250L
509,SUZUKI,10259,LT-F250F
509,SUZUKI,10260,LT-F300F
509,SUZUKI,10263,LT-Z400L
509,SUZUKI,10267,GS500
509,SUZUKI,10268,GSX600F
509,SUZUKI,10269,GSF600S
509,SUZUKI,10270,SV650/SV650S
509,SUZUKI,10271,GSX750F
509,SUZUKI,10272,VL800
509,SUZUKI,10274,VS1400GLP
509,SUZUKI,10275,VL1500
509,SUZUKI,10276,JR50
509,SUZUKI,10277,DR-Z400
509,SUZUKI,10278,RM125
509,SUZUKI,10279,RM250
509,SUZUKI,10282,DR-Z110
509,SUZUKI,10286,RM60
509,SUZUKI,10287,RM65
509,SUZUKI,10288,RM100
509,SUZUKI,10291,Grand Vitara
509,SUZUKI,10292,Grand Vitara XL-7
509,SUZUKI,10293,GS500E
509,SUZUKI,10294,GSF1200S
509,SUZUKI,10296,SV650
509,SUZUKI,10987,Verona
509,SUZUKI,11605,Samurai
509,SUZUKI,12756,RV200L7
509,SUZUKI,12758,SV650L7
509,SUZUKI,12759,SV650AL7
509,SUZUKI,12761,GSX-S1000AL7
509,SUZUKI,12762,GSX-S1000FAL7
509,SUZUKI,12766,GSX-R1000R
509,SUZUKI,12767,GSX-R750L7
509,SUZUKI,12769,GSX-R600L7
509,SUZUKI,12772,DL650XAL7
509,SUZUKI,12783,GSX-R1000L7/GSX-R1000AL7
509,SUZUKI,13058,DL650XAL/DL650AAL/DL650AL
509,SUZUKI,13059,DL1000AL/DL1000AAL
509,SUZUKI,13060,LT-A400FCL/LT-A400FL
509,SUZUKI,13061,LT-A400FCL/LT-A400FL/ LT-A400FZL
509,SUZUKI,13062,LT-A500XCL/LT-A500XL
509,SUZUKI,13063,LT-A500XPCL/LT-A500XPL
509,SUZUKI,13064,LT-A500XPL
509,SUZUKI,13065,LT-A750XL/LT-A750XCL
509,SUZUKI,13066,LT-A750XPCL/LT-A750XPL/LT-A750XPZL
509,SUZUKI,13076,DL650AAL/DL650AL
509,SUZUKI,13077,LT-A500XPCL/LT-A500XPL/LT-A500XPZL
509,SUZUKI,13078,LT-A750XL/LT-A750XCL/LT-A750XZL
509,SUZUKI,13082,VZR1800BZL/VZR1800L/VZR1800ZL
509,SUZUKI,13083,GSX1300RAL/GSX1300RAZL
509,SUZUKI,13084,GW250L
509,SUZUKI,13085,VL800TL
509,SUZUKI,13086,VL800BL/VL800CL/VL800L/VL800TL
509,SUZUKI,13110,LT-A400F/LT-A400FCL
509,SUZUKI,13114,LT-A750X/LT-A750XCL/LT-A750XL
509,SUZUKI,13116,RM85LL
509,SUZUKI,13117,DR200SEL
509,SUZUKI,13118,DL650AL
509,SUZUKI,13119,VL800CL/VL800L/VL800TL
509,SUZUKI,13120,GSX-R1000L/GSX-R1000ZL
509,SUZUKI,13121,VZR1800L/VZR1800ZL
509,SUZUKI,13122,LT-A400F/LT-A400FCL/LT-A400FL
509,SUZUKI,13123,LT-A500X/LT-A500XCL/LT-A500XL
509,SUZUKI,13124,DL1000L
509,SUZUKI,13125,GSX1250FAL
509,SUZUKI,13126,GSX1300RL/GSX1300RZL
509,SUZUKI,13128,LT-A750XL
509,SUZUKI,13129,LT-A750XPL
509,SUZUKI,13130,DL650A
509,SUZUKI,13131,GSX1300RL
509,SUZUKI,13132,AN400L
509,SUZUKI,13143,LT-A400F
509,SUZUKI,13144,LT-A400FU
509,SUZUKI,13145,LT-A500
509,SUZUKI,13146,LT-F250
509,SUZUKI,13147,LT-F400FU
509,SUZUKI,13148,LT-R450
509,SUZUKI,13149,LT-R450Z
509,SUZUKI,13152,LT-Z400/LT-Z400Z
509,SUZUKI,13154,LT-Z90
509,SUZUKI,13155,RM-Z250
509,SUZUKI,13156,RM-Z450
509,SUZUKI,13157,DR-Z400S
509,SUZUKI,13158,DR650SE
509,SUZUKI,13159,DR-Z125
509,SUZUKI,13160,RMX450
509,SUZUKI,13161,DL650
509,SUZUKI,13162,GSX-R600
509,SUZUKI,13163,GSX-R750
509,SUZUKI,13164,GSX1250FA
509,SUZUKI,13165,GS500(GS500H)/GS500F(GS500FH)
509,SUZUKI,13166,GSX650FA
509,SUZUKI,13167,LS650
509,SUZUKI,13168,SFV650
509,SUZUKI,13169,SFV650A
509,SUZUKI,13170,TU250X
509,SUZUKI,13171,VZ1500
509,SUZUKI,13172,VL800/VL800C/VL800T
509,SUZUKI,13173,VZR1800/VZR1800Z
509,SUZUKI,13174,AN400A
509,SUZUKI,13175,AN650
509,SUZUKI,13176,AN650AL
509,SUZUKI,13177,UZ125C
509,SUZUKI,13178,LT-F500F/QUADRUNNER
509,SUZUKI,13179,GSX-R1000
509,SUZUKI,13180,VS1400
509,SUZUKI,13181,LT-Z250
509,SUZUKI,13183,LT-Z50
509,SUZUKI,13184,VZ800/VZ800B/VZ800Z
509,SUZUKI,13185,LT-A750X/LT-A750XZ/LT-A750XC
509,SUZUKI,13186,SV650A/SV650SA
509,SUZUKI,13188,VZ800
509,SUZUKI,13189,SV1000S
509,SUZUKI,13190,VZR1800
509,SUZUKI,13191,LT-Z250K
509,SUZUKI,13197,LT-F400F/LT-F400FC
509,SUZUKI,13201,LT-A400F/LT-A400FC/LT-A400FH
509,SUZUKI,13203,LT-A500F/LT-A500FC
509,SUZUKI,13205,GSF1200
509,SUZUKI,13213,GSX-R600/GSX-R600X
509,SUZUKI,13216,GSX-R750/GSX-R750X
509,SUZUKI,13217,GSF1200S/GSF1200SZ
509,SUZUKI,13219,LT-A400F/LT-A400FZ
509,SUZUKI,13221,LT-Z400Z
509,SUZUKI,13223,QUV620F
509,SUZUKI,13224,VL800/VL800T/VL800Z
509,SUZUKI,13227,GSX600FK
509,SUZUKI,13229,LT-V700F
509,SUZUKI,13230,VZ1600
509,SUZUKI,13232,GS500FK
509,SUZUKI,13233,GSX-R600K
509,SUZUKI,13234,GSX750FK
509,SUZUKI,13235,GSX-R750K
509,SUZUKI,13236,GSX-R1000K
509,SUZUKI,13237,GSF1200SK
509,SUZUKI,13238,GSX1300RK
509,SUZUKI,13239,GZ250K
509,SUZUKI,13240,LS650PK
509,SUZUKI,13241,DL650K
509,SUZUKI,13242,VS800GLK
509,SUZUKI,13243,VZ800K
509,SUZUKI,13244,VL800K
509,SUZUKI,13245,DL1000K
509,SUZUKI,13246,VS1400GLPK
509,SUZUKI,13247,VL1500K
509,SUZUKI,13248,DR200SEK
509,SUZUKI,13249,DR-Z400SK
509,SUZUKI,13250,DR650SEK
509,SUZUKI,13251,AN400K
509,SUZUKI,13252,AN650K
509,SUZUKI,13253,JR80K
509,SUZUKI,13254,JR50K
509,SUZUKI,13255,DR-Z125K
509,SUZUKI,13256,DR-Z125LK
509,SUZUKI,13257,DR-Z250K
509,SUZUKI,13258,DR-Z400K
509,SUZUKI,13259,DR-Z400EK
509,SUZUKI,13260,RM85K
509,SUZUKI,13261,RM125K
509,SUZUKI,13262,RM85LK
509,SUZUKI,13263,RM250K
509,SUZUKI,13265,LT80K
509,SUZUKI,13266,LT160K
509,SUZUKI,13267,LT-F250FK
509,SUZUKI,13268,LT-F250K
509,SUZUKI,13269,LT-F400K
509,SUZUKI,13270,LT-A400K
509,SUZUKI,13271,LT-F400FK
509,SUZUKI,13272,LT-A400FK
509,SUZUKI,13273,LT-Z400K
509,SUZUKI,13274,LT-F500FK
509,SUZUKI,13275,LT-A500FK
509,SUZUKI,13276,RM60K
509,SUZUKI,13277,RM65K
509,SUZUKI,13278,RM100K
509,SUZUKI,13279,DR-Z110K
509,SUZUKI,13280,RM-Z250K
509,SUZUKI,13281,VZ1600K
509,SUZUKI,13282,GSF600SK
509,SUZUKI,13284,GSF1200SK/GSF1200K
509,SUZUKI,13285,SV650K/SV650SK
509,SUZUKI,13286,TL1000RK
509,SUZUKI,13287,SV1000K / SV1000SK
509,SUZUKI,13289,GS500K
509,SUZUKI,13293,RM80
509,SUZUKI,13295,DS80
509,SUZUKI,13298,DR350
509,SUZUKI,13299,GN125E
509,SUZUKI,13300,RMX250
509,SUZUKI,13302,LT-F4WDX
509,SUZUKI,13303,LT-F4WD
509,SUZUKI,13304,RF600R
509,SUZUKI,13305,DR125SE
509,SUZUKI,13307,DR250SE
509,SUZUKI,13308,GSX-R750W
509,SUZUKI,14393,Low Speed Vehicle
509,SUZUKI,14591,GSX-R600W
509,SUZUKI,14592,GSF400
509,SUZUKI,14593,GSX1100G
509,SUZUKI,14594,DR650S
509,SUZUKI,14595,VX800
509,SUZUKI,14597,Forsa
509,SUZUKI,14607,GSX-R1100
509,SUZUKI,14608,GS550L
509,SUZUKI,14609,GS700E
509,SUZUKI,14610,GS1150E
509,SUZUKI,14611,SP600
509,SUZUKI,14612,GV700GL
509,SUZUKI,14613,GV1200GL
509,SUZUKI,14812,Business
509,SUZUKI,14814,Family
509,SUZUKI,14815,Touring
509,SUZUKI,14816,Leisure
509,SUZUKI,14817,Enduro
509,SUZUKI,14818,Off Road Play
509,SUZUKI,14819,Mini-Leisure
509,SUZUKI,14820,Moto-Cross
509,SUZUKI,18304,LS650BL7
509,SUZUKI,18306,GSX-R1000RAL7/GSX-R1000RAZL7
509,SUZUKI,18890,Boulevard M109R B.O.S.S.(VZR1800BZL8)
509,SUZUKI,18891,Boulevard M90(VZ1500L8)
509,SUZUKI,18892,Boulevard M50(VZ800L8)
509,SUZUKI,18895,Boulevard S40(LS650BL8 )
509,SUZUKI,18896,GSX-S750ZAL8 / GSX-S750L8
509,SUZUKI,18897,GSX-S750L8
509,SUZUKI,18898,RV200L8
509,SUZUKI,18899,TU250XL8
509,SUZUKI,18900,GSX250R
509,SUZUKI,18901,SV650L8
509,SUZUKI,18902,SV650AL8
509,SUZUKI,18905,GSX-S1000FAL8
509,SUZUKI,18906,GSX-S1000AL8 / GSX-S1000ZAL8
509,SUZUKI,18907,Hayabusa(GSX1300RAL8)
509,SUZUKI,18908,GSX-R1000L8
509,SUZUKI,18912,GSX-R750L8
509,SUZUKI,18913,GSX-R600L8
509,SUZUKI,18915,GSX-R1000L8 / GSX-R1000AL8
509,SUZUKI,18916,GSX-R1000RAL8 / GSX-R1000RZAL8
509,SUZUKI,18917,Boulevard C90 B.O.S.S. (VL1500BL8)  / Boulevard C90T(VL1500TL8)
509,SUZUKI,18918,Boulevard C50(VL800L8) / Boulevard C50T(VL800TL8)
509,SUZUKI,18920,V-Strom 650XT Adventure
509,SUZUKI,18921,V-Strom 650XT
509,SUZUKI,18922,V-Strom 1000 ABS(DL1000AL8) / V-Strom 1000 XT ABS(DL100XAL8)
509,SUZUKI,18959,DR650SEL8
509,SUZUKI,18960,DR-Z400SL8
509,SUZUKI,18961,DR200SL8
509,SUZUKI,18962,DR-Z400SML8
509,SUZUKI,18963,Burgman 650(AN650ZL8)
509,SUZUKI,18964,Burgman 400 ABS(AN400AL8 )
509,SUZUKI,18965,Burgman 200 ABS(UH200AL8)
509,SUZUKI,24801,Boulevard M109R B.O.S.S. (VZR1800BZL9)
509,SUZUKI,24802,Boulevard M90 (VZ1500L9)
509,SUZUKI,24803,Boulevard M50 (VZ800L9)
509,SUZUKI,24804,Boulevard C90 B.O.S.S. (VL1500BL9) / Boulevard C90T (VL1500TL9)
509,SUZUKI,24805,Boulevard C50 (VL800L9) / Boulevard C50T (VL800TL9)
509,SUZUKI,24806,Boulevard S40 (LS650BL9)
509,SUZUKI,24807,GSX-Z750ZAL9 (50st) / GSX-S750YAL9 (50st) / GSX-S750ZL9 (50st)
509,SUZUKI,24808,GSX-S750ZL9 (49st)
509,SUZUKI,24809,RV200L9
509,SUZUKI,24810,TU250XL9
509,SUZUKI,24812,SV650L9
509,SUZUKI,24813,SV650AL9 / SV650XAL9
509,SUZUKI,24814,GSX-S1000AL9/GSXS1000ZAL9/GSXS1000YAL9
509,SUZUKI,24815,GSXS1000FZL9
509,SUZUKI,24816,GSX1300RAL9 (Hayabusa)
509,SUZUKI,24817,GSX-R1000AL9 (49st)
509,SUZUKI,24818,GSX-R1000AL9 (50st)
509,SUZUKI,24819,GSXR1000RAL9 (49st) / GSXR1000RZL9 (49st)
509,SUZUKI,24822,GSXR1000RAL9 (50st) / GSXR1000RZL9 (50st)
509,SUZUKI,24823,GSX-R750L9
509,SUZUKI,24824,GSX-R600L9
509,SUZUKI,24830,DR650SEL9
509,SUZUKI,24831,DR-Z400SL9
509,SUZUKI,24832,DR200SL9
509,SUZUKI,24833,DR-Z400SML9
509,SUZUKI,24834,Burgman 400 ABS (AN400AL9)
509,SUZUKI,24835,Burgman 200 ABS (UH200AL9)
509,SUZUKI,24905,RMX450ZL
509,SUZUKI,24917,LT-F400FL/KingQuad 400 FSi
509,SUZUKI,24918,LT-A400FCL/LT-A400FL/LT-A400FZL (KingQuad 400 ASi)
509,SUZUKI,24921,LT-A500XPCL/LT-A500XPL/LT-A500XPZL (KingQuad 500 AXi Pwr Strg)
509,SUZUKI,24924,LT-A500XCL/LT-A500XL (KingQuad 500 AXi)
509,SUZUKI,24926,LT-A750XCL/LT-A750XL (KingQuad 750 AXi)
509,SUZUKI,24928,LT-A750XPCL/LT-A750XPL/LT-A750XPZL (KingQuad 750 AXi Pwr Strg)/Ltd Edition
509,SUZUKI,24933,DR-Z125LL/DR-Z125L
509,SUZUKI,24934,LT-Z90L/QuadSport Z90
509,SUZUKI,24935,LT-Z50L
509,SUZUKI,25564,DL650XAAL9 (V-Strom 650XT Touring)
509,SUZUKI,25565,DL1000XAAL9 (V-Strom 1000XT Adventure)
509,SUZUKI,26256,GSXS1000SM0
509,SUZUKI,26264,GSX1300RAM0 (Hayabusa)
509,SUZUKI,26271,Boulevard C50T
509,SUZUKI,26277,AN400AM0 (Burgman 400)
509,SUZUKI,26278,UH200AM0 (Burgman 200 ABS)
509,SUZUKI,26827,GV1400
509,SUZUKI,26828,VS700
509,SUZUKI,26845,VS750 Intruder
509,SUZUKI,26846,GSX1100
509,SUZUKI,26848,GS750
509,SUZUKI,26855,SP200
509,SUZUKI,26856,GS450
509,SUZUKI,26857,GSX1300 RK5
509,SUZUKI,27299,DR-Z400SM
509,SUZUKI,27300,DR200S
509,SUZUKI,27303,V-Strom 1050
509,SUZUKI,27304,V-Strom 1050XT
509,SUZUKI,27454,Suzuki Boulevard M109R B.O.S.S.
509,SUZUKI,27457,GSX-S750
509,SUZUKI,27458,V-Strom 650
509,SUZUKI,27969,GSXS1000SM1
509,SUZUKI,28729,GSX1300RRM2 / GSX1300RRZM2
509,SUZUKI,28731,UH200AM2
509,SUZUKI,29215,Burgman
509,SUZUKI,29463,Boulevard
509,SUZUKI,29464,GSX
509,SUZUKI,30338,LT-A750 / King Quad 750
509,SUZUKI,30371,DR250F
509,SUZUKI,30390,DR-Z50
509,SUZUKI,30574,Hayabusa
509,SUZUKI,30575,KATANA
509,SUZUKI,30784,DL1050
476,DODGE,1892,Avenger
476,DODGE,1893,Challenger
476,DODGE,1895,Charger
476,DODGE,1896,Caliber
476,DODGE,1897,Viper
476,DODGE,1938,Ram
476,DODGE,1939,Journey
476,DODGE,1940,Nitro
476,DODGE,1941,Dakota
476,DODGE,1942,Caravan/Grand Caravan
476,DODGE,1958,Ram Chassis Cab
476,DODGE,2054,Dart
580,SPRINTER (DODGE OR FREIGHTLINER),3120,Sprinter
476,DODGE,3121,Sprinter
476,DODGE,3508,Durango
476,DODGE,3510,Chassis with Powertrain
476,DODGE,3680,Magnum
1422,DODGEN INDUSTRIES,4770,Dodgen Industries
476,DODGE,5878,Intrepid
476,DODGE,5879,Stratus
476,DODGE,5880,Neon
476,DODGE,6250,Colt
476,DODGE,6254,Stealth
476,DODGE,6356,Ramcharger
476,DODGE,10962,Ram Van
476,DODGE,10963,Ram Wagon
476,DODGE,14351,Spirit
476,DODGE,14363,SHADOW
476,DODGE,14375,Dynasty
476,DODGE,14376,Daytona
476,DODGE,14389,Monaco
476,DODGE,14402,OMNI
476,DODGE,14414,SHELBY
476,DODGE,14415,ARIES
476,DODGE,14416,600
476,DODGE,14417,DIPLOMAT
476,DODGE,14418,LANCER
476,DODGE,14419,Conquest
476,DODGE,14766,400
476,DODGE,14767,Mirada
476,DODGE,14772,ST.REGIS
476,DODGE,14831,Caravan
476,DODGE,14832,Grand Caravan
476,DODGE,14864,RAM 50
476,DODGE,14868,D-Series
476,DODGE,14869,W-Series
476,DODGE,14939,Raider
476,DODGE,14969,Mini Ram
476,DODGE,15003,Royal Mini Ram Van
476,DODGE,15056,D50
476,DODGE,15083,Rampage
476,DODGE,15124,RD200 / RD250
8047,DODGER TRAILER MANUFACTURING INC,21501,580 Series
8047,DODGER TRAILER MANUFACTURING INC,21502,480 Series
476,DODGE,30576,HORNET
467,CHEVROLET,1828,Aveo
467,CHEVROLET,1829,Camaro
467,CHEVROLET,1830,Caprice Police Vehicle
467,CHEVROLET,1831,Corvette
467,CHEVROLET,1832,Cruze
467,CHEVROLET,1833,Impala
467,CHEVROLET,1834,Malibu
467,CHEVROLET,1835,Sonic
467,CHEVROLET,1836,Spark
467,CHEVROLET,1837,SS
467,CHEVROLET,1838,Volt
467,CHEVROLET,1846,Captiva Sport
467,CHEVROLET,1847,Equinox
467,CHEVROLET,1848,Express
467,CHEVROLET,1849,Orlando
467,CHEVROLET,1850,Silverado
467,CHEVROLET,1851,Suburban
467,CHEVROLET,1852,Tahoe
467,CHEVROLET,1853,Traverse
467,CHEVROLET,1854,Tracker
467,CHEVROLET,1921,City Express
467,CHEVROLET,3531,Geo Prizm
467,CHEVROLET,3876,Avalanche
467,CHEVROLET,4047,Matiz
467,CHEVROLET,4086,Colorado
467,CHEVROLET,4234,Cobalt
467,CHEVROLET,4251,Optra
467,CHEVROLET,4255,Kalos
467,CHEVROLET,4548,Trailblazer
467,CHEVROLET,4586,HHR
467,CHEVROLET,4588,Uplander
467,CHEVROLET,4687,W4
467,CHEVROLET,4688,W5
467,CHEVROLET,4773,Monte Carlo
467,CHEVROLET,4889,SSR
467,CHEVROLET,4992,Epica
467,CHEVROLET,8834,Cavalier
467,CHEVROLET,8835,U100
467,CHEVROLET,8881,3 ton
467,CHEVROLET,8882,Astro Van
467,CHEVROLET,8883,Venture
467,CHEVROLET,9016,B7
467,CHEVROLET,9064,Lumina
467,CHEVROLET,9088,Alero
467,CHEVROLET,9115,Caprice
467,CHEVROLET,9116,Corsica
467,CHEVROLET,9117,Beretta
467,CHEVROLET,9139,Hearse/Limo
467,CHEVROLET,10043,Metro
467,CHEVROLET,10978,GMT-400
467,CHEVROLET,10979,Military Truck
467,CHEVROLET,10983,Forward Control
467,CHEVROLET,10988,Trax
467,CHEVROLET,11483,S-10 Pickup
467,CHEVROLET,11489,C/K Pickup
467,CHEVROLET,11491,P - Series
467,CHEVROLET,11497,Lumina APV
467,CHEVROLET,11502,Blazer
467,CHEVROLET,13634,Impala Limited
467,CHEVROLET,13672,Bolt EV
467,CHEVROLET,13737,3500HD
467,CHEVROLET,13738,5500HD
467,CHEVROLET,13739,3500 / 4500
467,CHEVROLET,13740,4500HD
467,CHEVROLET,13741,4500XD
467,CHEVROLET,13742,5500XD
467,CHEVROLET,14032,T-Series
467,CHEVROLET,14033,C4
467,CHEVROLET,14034,C5
467,CHEVROLET,14035,C6
467,CHEVROLET,14036,C7
467,CHEVROLET,14037,C8
467,CHEVROLET,14040,W7
467,CHEVROLET,14166,Hearse/Limo Commercial Chassis
467,CHEVROLET,14206,W3
467,CHEVROLET,14450,W6
467,CHEVROLET,14451,D7
467,CHEVROLET,14452,P6S
467,CHEVROLET,14457,S-10 Blazer
467,CHEVROLET,14458,P Truck Forward
467,CHEVROLET,14460,Celebrity
467,CHEVROLET,14461,Geo Spectrum
467,CHEVROLET,14462,G-Series
467,CHEVROLET,14464,Cutaway Chassis
467,CHEVROLET,14465,Motorhome Chassis
467,CHEVROLET,14475,Chevette
467,CHEVROLET,14501,Hi-Cube
467,CHEVROLET,14502,Cutaway Van
467,CHEVROLET,14506,S7
467,CHEVROLET,14513,Geo Sprint
467,CHEVROLET,14515,Nova
467,CHEVROLET,14544,S6
467,CHEVROLET,14545,R Conventional
467,CHEVROLET,14546,V Conventional
467,CHEVROLET,14547,Citation
467,CHEVROLET,14616,Bus Chassis
467,CHEVROLET,14617,Heavy Conventional
467,CHEVROLET,14619,Aluminum Tilt
467,CHEVROLET,14637,El Camino
467,CHEVROLET,15634,LUV
467,CHEVROLET,17528,Malibu Classic
467,CHEVROLET,22511,3500
467,CHEVROLET,22512,4500
467,CHEVROLET,24257,Bolt Incomplete
467,CHEVROLET,24759,FTR / 6500XD
467,CHEVROLET,24868,6500XD
467,CHEVROLET,24906,Silverado HD
467,CHEVROLET,25279,Silverado LD
467,CHEVROLET,25609,7500XD
467,CHEVROLET,26327,GM51P
467,CHEVROLET,27018,W3500/W4500
467,CHEVROLET,27019,W5500/W5500 HD
467,CHEVROLET,27445,Onix
467,CHEVROLET,29076,Silverado LTD
467,CHEVROLET,30005,Bolt EUV
483,JEEP,1943,Wrangler
483,JEEP,1944,Liberty
483,JEEP,1945,Cherokee
483,JEEP,1946,Compass
483,JEEP,1947,Patriot
483,JEEP,1948,Commander
483,JEEP,1949,Grand Cherokee
483,JEEP,6160,Renegade
483,JEEP,14871,Grand Wagoneer
483,JEEP,14905,Comanche
483,JEEP,14927,Wagoneer
483,JEEP,14978,J-10
483,JEEP,14979,J-20
483,JEEP,15073,CJ-7
483,JEEP,15074,CJ-8 Scrambler
483,JEEP,15086,CJ-5
483,JEEP,15090,CJ-6
483,JEEP,25197,Wrangler JK
483,JEEP,25919,Gladiator
504,SMART,2114,smart
504,SMART,10424,Fortwo
498,HYUNDAI,2056,Equus
498,HYUNDAI,2057,Santa Fe
498,HYUNDAI,2058,Tucson
498,HYUNDAI,2298,Veloster
498,HYUNDAI,2458,Genesis Coupe
498,HYUNDAI,2459,Sonata
498,HYUNDAI,2735,Elantra
498,HYUNDAI,2736,Entourage
498,HYUNDAI,2771,Azera
498,HYUNDAI,2772,Veracruz
498,HYUNDAI,2773,Accent
498,HYUNDAI,2774,Genesis
498,HYUNDAI,5847,Tiburon
498,HYUNDAI,5871,Elantra Touring
498,HYUNDAI,5872,XG 350
498,HYUNDAI,9242,Excel
498,HYUNDAI,9252,Scoupe
498,HYUNDAI,9319,XG300
498,HYUNDAI,11447,Elantra GT
4876,HYUNDAI TRANSLEAD TRAILERS,11496,Hyundai Translead Trailers
5048,"HYUNDAI STEEL INDUSTRIES, INC.",12435,"Hyundai Steel Industries, Inc."
498,HYUNDAI,14192,Pony
498,HYUNDAI,14193,Stellar
498,HYUNDAI,16694,Santa Fe Sport
498,HYUNDAI,21961,Ioniq
498,HYUNDAI,22249,Kona
498,HYUNDAI,24770,Santa Fe XL
498,HYUNDAI,25183,Nexo
498,HYUNDAI,25847,Palisade
498,HYUNDAI,26441,Venue
498,HYUNDAI,27558,Kona Electric
498,HYUNDAI,28077,Veloster N
498,HYUNDAI,28816,Santa Cruz
498,HYUNDAI,28983,IONIQ 5
498,HYUNDAI,29258,Elantra N
498,HYUNDAI,30756,Xcient
498,HYUNDAI,31360,Ioniq 6
3766,SPYKER,8252,Spyder & Laviolette
3766,SPYKER,8253,Double 12
3766,SPYKER,8254,La Turbie
3766,SPYKER,8255,Peking to Paris
3766,SPYKER,8256,Aileron
11832,SHELBY,30569,Cobra
583,BENTLEY,9787,Continental
583,BENTLEY,9788,Brooklands
583,BENTLEY,9789,Azure
583,BENTLEY,9791,Turbo
583,BENTLEY,9822,Mulsanne
583,BENTLEY,9823,Flying Spur
583,BENTLEY,9824,Eight
583,BENTLEY,9829,Arnage
583,BENTLEY,13081,ARMOURED ARNAGE
583,BENTLEY,13192,Roll Royce Silver Seraph
583,BENTLEY,13193,Rolls-Royce Park Ward
5266,A SMITH GT BENTLEY,13351,A Smith GT Bentley
951,HUMMER,4598,H2
951,HUMMER,4599,H3
951,HUMMER,14474,H1
951,HUMMER,25774,H3T
480,INFINITI,1899,QX50
480,INFINITI,1900,Q40
480,INFINITI,1901,Q50
480,INFINITI,1902,Q60
480,INFINITI,1903,Q70
480,INFINITI,1908,QX70
480,INFINITI,1909,QX80
480,INFINITI,1910,QX60
480,INFINITI,2038,Q70L
480,INFINITI,2304,Q45
480,INFINITI,2305,G35
480,INFINITI,2306,M35
480,INFINITI,2307,M45
480,INFINITI,2324,FX35
480,INFINITI,2325,FX45
480,INFINITI,2326,QX56
480,INFINITI,2337,G37
480,INFINITI,2338,EX35
480,INFINITI,2343,FX50
480,INFINITI,2356,M56
480,INFINITI,2357,M37
480,INFINITI,2358,G25
480,INFINITI,2368,M35h
480,INFINITI,2373,FX37
480,INFINITI,2374,JX35
480,INFINITI,5572,J30
480,INFINITI,5573,G20
480,INFINITI,5813,I35
480,INFINITI,8702,I30
480,INFINITI,8717,QX4
480,INFINITI,11510,M30
480,INFINITI,13820,QX30
480,INFINITI,28424,QX55
477,CHRYSLER,1876,Cirrus
477,CHRYSLER,1877,Sebring
477,CHRYSLER,1878,300
477,CHRYSLER,1936,Town and Country
477,CHRYSLER,1937,Grand Voyager
477,CHRYSLER,2053,200
477,CHRYSLER,3595,PT Cruiser
477,CHRYSLER,3598,Crossfire
477,CHRYSLER,3628,Pacifica
477,CHRYSLER,3629,Aspen
477,CHRYSLER,5875,Concorde
477,CHRYSLER,5876,Intrepid
477,CHRYSLER,6470,New Yorker
477,CHRYSLER,6475,LHS
477,CHRYSLER,6476,Vision
477,CHRYSLER,6480,Stratus
477,CHRYSLER,6483,Viper
477,CHRYSLER,6485,Neon
477,CHRYSLER,6488,Shadow
477,CHRYSLER,6813,Prowler
477,CHRYSLER,7053,Caravan
477,CHRYSLER,14338,TC
477,CHRYSLER,14344,LeBaron
477,CHRYSLER,14345,Concorde/LHS
477,CHRYSLER,14371,Daytona
477,CHRYSLER,14372,Dynasty
477,CHRYSLER,14373,Imperial
477,CHRYSLER,14400,SALON
477,CHRYSLER,14411,LASER
477,CHRYSLER,14412,NEWPORT
477,CHRYSLER,14413,FIFTH AVENUE
477,CHRYSLER,14439,Conquest
477,CHRYSLER,14574,EXECUTIVE
477,CHRYSLER,14575,E-CLASS
477,CHRYSLER,14699,Cordoba
477,CHRYSLER,15131,Voyager
477,CHRYSLER,25754,300C
477,CHRYSLER,27830,Grand Caravan
441,TESLA,1685,Model S
441,TESLA,2071,Roadster
441,TESLA,10199,Model X
441,TESLA,17834,Model 3
441,TESLA,27027,Model Y
441,TESLA,30834,Semi
485,VOLVO,1959,S60
485,VOLVO,1960,S80
485,VOLVO,1961,V60
485,VOLVO,1962,XC60
485,VOLVO,1963,XC70
487,VOLVO TRUCK,1965,VHD
487,VOLVO TRUCK,1966,VNM
487,VOLVO TRUCK,1967,VNL
487,VOLVO TRUCK,1968,VAH
487,VOLVO TRUCK,1969,VNX
487,VOLVO TRUCK,3108,VT
487,VOLVO TRUCK,3110,FM10
485,VOLVO,3127,S40
485,VOLVO,3128,V50
485,VOLVO,3129,C70
485,VOLVO,3130,V70
485,VOLVO,3132,XC90
485,VOLVO,3144,C30
485,VOLVO,3511,9700
485,VOLVO,9341,940 Series
485,VOLVO,9342,960 Series
485,VOLVO,9343,850 Series
487,VOLVO TRUCK,9353,WX
487,VOLVO TRUCK,9354,WHL
487,VOLVO TRUCK,9355,WXLL
487,VOLVO TRUCK,9356,WG
487,VOLVO TRUCK,9357,WHR
487,VOLVO TRUCK,9358,WHLB
487,VOLVO TRUCK,9359,WHEB
487,VOLVO TRUCK,9360,WAH
487,VOLVO TRUCK,9361,ACL
487,VOLVO TRUCK,9362,WXLM
487,VOLVO TRUCK,9363,WCA
487,VOLVO TRUCK,9364,WIA
487,VOLVO TRUCK,9365,CACL
487,VOLVO TRUCK,9366,FE
487,VOLVO TRUCK,9367,CWG
487,VOLVO TRUCK,9368,NE64
487,VOLVO TRUCK,9369,NR64
487,VOLVO TRUCK,9370,VN
487,VOLVO TRUCK,9371,NE42
487,VOLVO TRUCK,9375,VNC
487,VOLVO TRUCK,9376,FML
487,VOLVO TRUCK,9377,WXR
485,VOLVO,10206,V60CC
485,VOLVO,10208,S60 Cross Country
485,VOLVO,13798,S90
485,VOLVO,13799,V90
485,VOLVO,13800,V90CC
487,VOLVO TRUCK,14104,CNE
487,VOLVO TRUCK,14105,NE
487,VOLVO TRUCK,14106,NR
487,VOLVO TRUCK,14107,CNR
485,VOLVO,14118,240 Series
485,VOLVO,14119,740 Series
485,VOLVO,14120,780 Series
485,VOLVO,14121,760 Series
485,VOLVO,14122,B10M
485,VOLVO,14124,V40
485,VOLVO,14125,S70
485,VOLVO,14126,Cab Over Engine HT
485,VOLVO,14127,Cab Over Engine LT
485,VOLVO,14130,F12 w/F7 Cab
485,VOLVO,14131,F6 w/F7 Cab
485,VOLVO,14135,Cab Behind Engine
485,VOLVO,14140,Volvo Trailers
485,VOLVO,14659,260 Series
487,VOLVO TRUCK,15808,VNR
485,VOLVO,23714,XC40
485,VOLVO,27151,VT
485,VOLVO,27152,VS
485,VOLVO,28490,C70 / C30
485,VOLVO,28818,C40
485,VOLVO,31451,B12R
485,VOLVO,31452,B7R
485,VOLVO,31453,B12B
485,VOLVO,31454,B12M
485,VOLVO,31455,B9TL
485,VOLVO,31456,B9R
485,VOLVO,31457,B9S
485,VOLVO,31458,B9L
485,VOLVO,31459,BXR
485,VOLVO,31460,B5R
485,VOLVO,31461,BRLH
485,VOLVO,31462,BXXR
485,VOLVO,31463,BFE
485,VOLVO,31464,BXRB
485,VOLVO,31465,B8R
485,VOLVO,31466,BRH
485,VOLVO,31467,B5TL
485,VOLVO,31468,BE
485,VOLVO,31469,B8L
485,VOLVO,31470,B13R
1183,ENDURAMAX,4494,EnduraMax
1362,EASTON CUSTOM FRAMES L.L.C,4704,Easton Custom L.L.C
874,BEST LANE ENTERPRISES DBA RAMP FREE,5613,Best Lane Enterprises dba Ramp Free
2258,"NEXGEN FRAMING SYSTEM, LLC",6056,"NEXGEN FRAMING SYSTEM, LLC"
2453,HOLIDAY RAMBLER,6265,Holiday Rambler
2543,PARAMOUNT CUSTOM CYCLES,6375,Paramount Custom Cycles
2834,RAM TRANSCORP,6777,Ram Transcorp
2837,RAMSEY FABRICATION,6781,Ramsey Fabrication
2958,PORTAFRAME,6927,PortAFrame
2975,"SCHRAMM, INC.",6980,"SCHRAMM, INC."
3391,RAMP CHAMP,7678,Ramp Champ
3587,TRINITY FRAME & FAB,7965,Replica
3587,TRINITY FRAME & FAB,7966,Faith
3587,TRINITY FRAME & FAB,7967,Protorype
3587,TRINITY FRAME & FAB,7968,Cruiser
3587,TRINITY FRAME & FAB,7969,Chopper
4466,TRAMONT CORPORATION,9326,Tramont Corporation
4641,TRAMONT MANUFACTURING,9844,Tramont Manufacturing LLC
4639,ROBERT ALLEN MOWERY RAMCO,9846,Robert Allen Mowery Ramco LLC
4827,RAMPLESS,10714,Rampless
4952,RAMPLESS MOTORCYCLE TRAILERS,12086,Rampless Motorcycle Trailers
5224,"RAM ENTERPRISES, LLC",13209,"Ram Enterprises, LLC"
5492,RAMVAC,14231,1000
5492,RAMVAC,14232,2000
5492,RAMVAC,14233,2600
5492,RAMVAC,14234,3000
5492,RAMVAC,14235,3600
5492,RAMVAC,14236,HX-1000
5492,RAMVAC,14237,HX-2000
5492,RAMVAC,14238,HX-3000
5559,RAMPTEK,14361,Ramptek Trailers
5686,BURKETT'S AUTORAMA,14901,Burkett's Autorama
5881,PYRAMID,15327,Pyramid Manufacturing Co. Trailer
5883,RAMIKA,15330,Ramika Industries Trailer
6173,RAMP AGE TRAILER CO.,16311,RAMP AGE TRAILER CO.
6177,RAM-LIN,16427,512
6177,RAM-LIN,16428,52
6177,RAM-LIN,16429,725
6177,RAM-LIN,16430,203
6177,RAM-LIN,16432,234
6177,RAM-LIN,16433,83
6177,RAM-LIN,16434,288
6177,RAM-LIN,16435,307
6177,RAM-LIN,16436,62U
6177,RAM-LIN,16437,825U
6177,RAM-LIN,16438,166U
6177,RAM-LIN,16439,83U
6177,RAM-LIN,16440,925
6177,RAM-LIN,16441,214
6177,RAM-LIN,16442,266
6177,RAM-LIN,16443,835
6177,RAM-LIN,16444,2235
6177,RAM-LIN,16445,3510
6177,RAM-LIN,16446,625U
6177,RAM-LIN,16447,1225U
6177,RAM-LIN,16448,206U
6177,RAM-LIN,16449,612U
6318,KTM ALUMINUM FRAME,17536,KTM Aluminum Frame
6319,KTM STEEL FRAME,17537,KTM Steel Frame
6431,RAMSHORN WELDING,17690,RAMSHORN WELDING
6634,FATT HOGG FRAMES,17997,FATT HOGG FRAMES
7116,FRAMTRAC MANUFACTURING CO. LTD,18958,FRAMTRAC MANUFACTURING CO. LTD
7405,RAMIREZ,19779,Ramirez Trailer
8069,RAM FABRICATION,21544,Ram Fabrication
8081,PRO-STREET FRAMEWORKS,21556,LXR
8081,PRO-STREET FRAMEWORKS,21557,Chopper
8081,PRO-STREET FRAMEWORKS,21558,Cruiser
8755,"JOHN INGRAM, INC.",22848,"John Ingram, Inc."
8825,TERRAMARC INDUSTRIES,22924,TerraMarc Industries
8916,TRAM POWER CAR,23033,Tram Power Car
8918,TRAM TRAILER,23034,Tram Trailer
9049,CUSTOM WELDED FRAME,23261,CP90B
9049,CUSTOM WELDED FRAME,23262,CP102B
9049,CUSTOM WELDED FRAME,23263,CP80B
9050,RAM OEM TRAILER,23270,EZTRJ
9050,RAM OEM TRAILER,23271,YWR
9050,RAM OEM TRAILER,23272,YWVR
9050,RAM OEM TRAILER,23273,WVR
9050,RAM OEM TRAILER,23274,JSR
9050,RAM OEM TRAILER,23275,EZR
9050,RAM OEM TRAILER,23276,EZWR
9747,JR RAMIRO,24955,JR RAMIRO
9908,KRAMO TRAILERS,25532,Kramo Trailers
1585,BRAMMO,25792,Urban
1585,BRAMMO,25793,Dual Sport
1585,BRAMMO,25794,Scooter
1585,BRAMMO,25795,Touring
1585,BRAMMO,26737,Brammo Street Bikes
10509,RAMBLER,27649,Rambler
11009,METRO TRAM,28780,Metro Tram
11370,"HOME GROWN CHOPPERS DBA FRAMED UP, LLC",29469,P47 Thunderbird
11370,"HOME GROWN CHOPPERS DBA FRAMED UP, LLC",29470,P63 King Cobra
11370,"HOME GROWN CHOPPERS DBA FRAMED UP, LLC",29471,P51 Mustang
11370,"HOME GROWN CHOPPERS DBA FRAMED UP, LLC",29472,B17 Bomber
11370,"HOME GROWN CHOPPERS DBA FRAMED UP, LLC",29473,B29 Super Fortress
11370,"HOME GROWN CHOPPERS DBA FRAMED UP, LLC",29474,P38 Lightning
11370,"HOME GROWN CHOPPERS DBA FRAMED UP, LLC",29475,P40 Warhawk
11884,ROAD TRAMPS MC,30654,ROAD TRAMPS MC
11955,FRAMAR,30892,Framar
466,LOTUS,1795,Evora
466,LOTUS,3106,Elise
466,LOTUS,3107,Eleven
466,LOTUS,3112,Esprit
466,LOTUS,3113,Eagle
466,LOTUS,3114,Europa
466,LOTUS,3115,Monaco
466,LOTUS,3116,MEL
466,LOTUS,3117,Elite
466,LOTUS,3118,Eclat
466,LOTUS,3119,Elan
466,LOTUS,3122,Exige
466,LOTUS,3123,Spa
466,LOTUS,3124,340R
466,LOTUS,3125,Monza
466,LOTUS,3421,2-Eleven
466,LOTUS,12434,Turbo Esprit
464,LINCOLN,1790,MKZ
464,LINCOLN,1791,Town Car
464,LINCOLN,1794,MKS
464,LINCOLN,1812,MKT
464,LINCOLN,1813,MKX
464,LINCOLN,1814,Navigator
464,LINCOLN,2367,LS
464,LINCOLN,2653,Aviator
464,LINCOLN,2776,Zephyr
464,LINCOLN,2808,Mark LT
464,LINCOLN,3599,MKC
464,LINCOLN,5192,Continental
464,LINCOLN,5273,Blackwood
464,LINCOLN,6794,Mark
464,LINCOLN,24892,Nautilus
464,LINCOLN,25596,Corsair
464,LINCOLN,25741,Navigator L
492,FIAT,2037,500L
492,FIAT,2055,500
492,FIAT,3490,Freemont
492,FIAT,10396,500X
492,FIAT,11448,124 Spider
492,FIAT,14603,Spider 2000
492,FIAT,14604,X 1/9
492,FIAT,14605,Brava
492,FIAT,14606,Strada
492,FIAT,25128,Ducato
469,CADILLAC,1824,ATS
469,CADILLAC,1825,CTS
469,CADILLAC,1826,ELR
469,CADILLAC,1827,XTS
469,CADILLAC,1843,Escalade
469,CADILLAC,1844,SRX
469,CADILLAC,4300,STS
469,CADILLAC,4308,DTS
469,CADILLAC,4311,XLR
469,CADILLAC,4592,Limousine
469,CADILLAC,4593,Hearse
469,CADILLAC,4935,Escalade ESV
469,CADILLAC,8844,Deville
469,CADILLAC,8989,Eldorado
469,CADILLAC,9023,Catera
469,CADILLAC,9091,Seville
469,CADILLAC,9121,Commercial Chassis
469,CADILLAC,9122,Fleetwood
469,CADILLAC,10297,CT6
469,CADILLAC,11442,XT5
469,CADILLAC,11443,Funeral Coach
469,CADILLAC,11444,Armored Vehicle
469,CADILLAC,11848,Deville Chassis
469,CADILLAC,13639,Stretch Limousine
469,CADILLAC,14182,60 Special
469,CADILLAC,14183,Allante
469,CADILLAC,14185,Brougham
469,CADILLAC,14487,Cimarron
469,CADILLAC,17270,Professional Chassis
469,CADILLAC,24948,XT4
469,CADILLAC,25856,XT6
469,CADILLAC,26602,CT4
469,CADILLAC,26603,CT5
469,CADILLAC,30011,Lyriq
